maintenance_id,line_id,machine_id,maintenance_type_id,related_failure_id,start_time,end_time,duration_minutes,technician_id
1,3,11,1,1,2022-02-07 21:49:00,2022-02-08 00:00:00,131,6
2,3,9,1,2,2022-02-12 07:39:00,2022-02-12 16:00:00,501,10
3,2,7,1,3,2022-02-12 12:16:00,2022-02-12 19:00:00,404,8
4,2,6,1,4,2022-02-16 06:40:00,2022-02-16 12:00:00,320,11
5,1,2,1,5,2022-02-21 20:43:00,2022-02-22 00:00:00,197,2
6,1,3,1,6,2022-02-22 13:40:00,2022-02-22 17:00:00,200,3
7,1,4,1,7,2022-02-24 00:41:00,2022-02-24 04:00:00,199,8
8,3,11,1,8,2022-02-24 03:38:00,2022-02-24 06:00:00,142,8
9,3,10,1,9,2022-03-01 04:57:00,2022-03-01 11:00:00,363,9
10,3,12,1,10,2022-03-01 13:23:00,2022-03-01 15:00:00,97,10
11,3,11,1,11,2022-03-07 00:17:00,2022-03-07 04:00:00,223,7
12,2,7,1,12,2022-03-07 11:21:00,2022-03-07 14:00:00,159,10
13,1,1,1,13,2022-03-09 10:55:00,2022-03-09 18:00:00,425,7
14,1,4,1,14,2022-03-10 19:18:00,2022-03-11 00:00:00,282,8
15,3,9,1,15,2022-03-13 06:10:00,2022-03-13 11:00:00,290,5
16,2,6,1,16,2022-03-15 12:13:00,2022-03-15 19:00:00,407,6
17,1,2,1,17,2022-03-17 07:40:00,2022-03-17 09:00:00,80,6
18,2,8,1,18,2022-03-17 07:56:00,2022-03-17 10:00:00,124,4
19,2,5,1,19,2022-03-17 18:37:00,2022-03-17 20:00:00,83,10
20,3,10,1,20,2022-03-20 15:26:00,2022-03-20 17:00:00,94,6
21,3,11,1,21,2022-03-24 19:31:00,2022-03-25 01:00:00,329,2
22,1,3,1,22,2022-03-27 06:57:00,2022-03-27 12:00:00,303,5
23,3,12,1,23,2022-03-29 20:11:00,2022-03-30 01:00:00,289,3
24,1,2,1,24,2022-03-31 15:19:00,2022-03-31 18:00:00,161,4
25,1,1,1,25,2022-03-31 20:00:00,2022-03-31 23:00:00,180,2
26,2,6,1,26,2022-04-03 19:31:00,2022-04-03 23:00:00,209,2
27,2,8,1,27,2022-04-04 09:33:00,2022-04-04 14:00:00,267,8
28,3,10,1,28,2022-04-05 21:19:00,2022-04-06 02:00:00,281,5
29,1,4,1,29,2022-04-14 06:37:00,2022-04-14 09:00:00,143,9
30,2,7,1,30,2022-04-15 03:54:00,2022-04-15 07:00:00,186,2
31,3,9,1,31,2022-04-15 16:16:00,2022-04-15 18:00:00,104,11
32,2,5,1,32,2022-04-17 07:34:00,2022-04-17 12:00:00,266,1
33,2,6,1,33,2022-04-24 02:08:00,2022-04-24 10:00:00,472,4
34,3,11,1,34,2022-04-26 15:34:00,2022-04-26 22:00:00,386,9
35,1,3,1,35,2022-04-26 17:09:00,2022-04-26 20:00:00,171,11
36,1,4,1,36,2022-05-02 16:53:00,2022-05-02 19:00:00,127,10
37,3,12,1,37,2022-05-07 17:48:00,2022-05-08 00:00:00,372,1
38,1,2,1,38,2022-05-09 16:25:00,2022-05-09 23:00:00,395,4
39,2,6,1,39,2022-05-14 10:40:00,2022-05-14 15:00:00,260,9
40,3,10,1,40,2022-05-15 06:36:00,2022-05-15 15:00:00,504,2
41,3,9,1,41,2022-05-16 03:32:00,2022-05-16 11:00:00,448,4
42,1,1,1,42,2022-05-16 03:24:00,2022-05-16 12:00:00,516,11
43,2,7,1,43,2022-05-25 04:12:00,2022-05-25 09:00:00,288,5
44,3,11,1,44,2022-05-25 04:21:00,2022-05-25 06:00:00,99,3
45,2,8,1,45,2022-05-25 14:22:00,2022-05-25 20:00:00,338,10
46,3,9,1,46,2022-05-28 22:54:00,2022-05-29 02:00:00,186,4
47,2,6,1,47,2022-05-31 01:49:00,2022-05-31 07:00:00,311,9
48,1,1,1,48,2022-06-04 08:28:00,2022-06-04 12:00:00,212,8
49,1,3,1,49,2022-06-08 02:00:00,2022-06-08 07:00:00,300,10
50,3,12,1,50,2022-06-08 00:07:00,2022-06-08 02:00:00,113,4
51,2,5,1,51,2022-06-10 04:21:00,2022-06-10 07:00:00,159,2
52,3,11,1,52,2022-06-11 14:24:00,2022-06-11 18:00:00,216,10
53,1,4,1,53,2022-06-12 13:29:00,2022-06-12 18:00:00,271,6
54,3,9,1,54,2022-06-18 17:59:00,2022-06-18 23:00:00,301,4
55,1,2,1,55,2022-06-20 18:21:00,2022-06-21 03:00:00,519,4
56,3,10,1,56,2022-06-21 19:43:00,2022-06-22 02:00:00,377,1
57,2,6,1,57,2022-06-21 21:55:00,2022-06-22 05:00:00,425,11
58,3,11,1,58,2022-06-26 17:30:00,2022-06-26 20:00:00,150,10
59,2,7,1,59,2022-07-03 00:44:00,2022-07-03 07:00:00,376,10
60,2,8,1,60,2022-07-04 06:38:00,2022-07-04 08:00:00,82,3
61,3,9,1,61,2022-07-11 05:22:00,2022-07-11 12:00:00,398,10
62,2,5,1,62,2022-07-12 12:03:00,2022-07-12 20:00:00,477,5
63,1,1,1,63,2022-07-13 20:53:00,2022-07-13 23:00:00,127,7
64,1,3,1,64,2022-07-14 16:17:00,2022-07-14 19:00:00,163,8
65,2,7,1,65,2022-07-15 15:30:00,2022-07-15 23:00:00,450,2
66,3,12,1,66,2022-07-19 01:07:00,2022-07-19 08:00:00,413,9
67,1,2,1,67,2022-07-22 19:30:00,2022-07-22 22:00:00,150,8
68,2,6,1,68,2022-07-25 09:58:00,2022-07-25 16:00:00,362,2
69,1,4,1,69,2022-07-25 12:22:00,2022-07-25 20:00:00,458,8
70,3,11,1,70,2022-07-27 01:13:00,2022-07-27 06:00:00,287,8
71,3,9,1,71,2022-07-30 04:28:00,2022-07-30 10:00:00,332,5
72,3,10,1,72,2022-07-30 21:58:00,2022-07-31 02:00:00,242,5
73,1,3,1,73,2022-08-03 02:35:00,2022-08-03 06:00:00,205,3
74,1,1,1,74,2022-08-03 16:53:00,2022-08-03 23:00:00,367,9
75,2,8,1,75,2022-08-11 09:01:00,2022-08-11 14:00:00,299,9
76,2,7,1,76,2022-08-11 13:17:00,2022-08-11 20:00:00,403,6
77,2,6,1,77,2022-08-14 09:44:00,2022-08-14 15:00:00,316,5
78,1,2,1,78,2022-08-18 01:05:00,2022-08-18 07:00:00,355,6
79,1,3,1,79,2022-08-18 18:40:00,2022-08-18 22:00:00,200,3
80,1,4,1,80,2022-08-19 05:34:00,2022-08-19 16:00:00,626,11
81,3,12,1,81,2022-08-21 09:54:00,2022-08-21 19:00:00,546,8
82,3,9,1,82,2022-08-28 00:54:00,2022-08-28 06:00:00,306,4
83,3,11,1,83,2022-08-31 17:24:00,2022-08-31 20:00:00,156,3
84,2,5,1,84,2022-09-04 09:54:00,2022-09-04 12:00:00,126,8
85,1,2,1,85,2022-09-06 05:45:00,2022-09-06 09:00:00,195,6
86,1,1,1,86,2022-09-09 01:04:00,2022-09-09 08:00:00,416,8
87,2,6,1,87,2022-09-10 10:23:00,2022-09-10 13:00:00,157,10
88,3,10,1,88,2022-09-10 12:00:00,2022-09-10 19:00:00,420,4
89,2,7,1,89,2022-09-10 17:29:00,2022-09-10 22:00:00,271,7
90,2,8,1,90,2022-09-11 07:57:00,2022-09-11 11:00:00,183,9
91,1,3,1,91,2022-09-14 03:12:00,2022-09-14 05:00:00,108,11
92,1,4,1,92,2022-09-16 00:17:00,2022-09-16 05:00:00,283,8
93,3,12,1,93,2022-09-18 04:27:00,2022-09-18 10:00:00,333,2
94,3,9,1,94,2022-09-20 21:57:00,2022-09-21 06:00:00,483,1
95,3,10,1,95,2022-09-24 00:57:00,2022-09-24 04:00:00,183,4
96,3,11,1,96,2022-09-26 04:46:00,2022-09-26 11:00:00,374,9
97,2,6,1,97,2022-09-27 03:38:00,2022-09-27 07:00:00,202,5
98,1,2,1,98,2022-10-11 23:22:00,2022-10-12 02:00:00,158,2
99,2,6,1,99,2022-10-12 04:55:00,2022-10-12 11:00:00,365,3
100,3,12,1,100,2022-10-12 06:23:00,2022-10-12 10:00:00,217,10
101,1,1,1,101,2022-10-12 10:59:00,2022-10-12 12:00:00,61,8
102,2,7,1,102,2022-10-12 12:41:00,2022-10-12 14:00:00,79,2
103,1,4,1,103,2022-10-13 03:44:00,2022-10-13 11:00:00,436,4
104,3,9,1,104,2022-10-16 16:32:00,2022-10-16 20:00:00,208,5
105,2,5,1,105,2022-10-17 16:11:00,2022-10-17 23:00:00,409,7
106,2,8,1,106,2022-10-18 01:53:00,2022-10-18 07:00:00,307,1
107,3,11,1,107,2022-10-18 05:22:00,2022-10-18 08:00:00,158,10
108,1,3,1,108,2022-10-20 17:30:00,2022-10-20 22:00:00,270,3
109,1,2,1,109,2022-10-28 12:58:00,2022-10-28 21:00:00,482,2
110,3,10,1,110,2022-11-05 11:17:00,2022-11-05 14:00:00,163,4
111,3,9,1,111,2022-11-05 22:24:00,2022-11-06 01:00:00,156,6
112,1,4,1,112,2022-11-07 01:10:00,2022-11-07 03:00:00,110,2
113,2,7,1,113,2022-11-09 02:30:00,2022-11-09 11:00:00,510,9
114,2,6,1,114,2022-11-13 07:27:00,2022-11-13 09:00:00,93,8
115,1,3,1,115,2022-11-14 05:59:00,2022-11-14 08:00:00,121,2
116,2,5,1,116,2022-11-17 02:55:00,2022-11-17 05:00:00,125,3
117,1,1,1,117,2022-11-20 08:54:00,2022-11-20 14:00:00,306,4
118,3,11,1,118,2022-11-20 09:56:00,2022-11-20 12:00:00,124,10
119,2,8,1,119,2022-11-21 02:59:00,2022-11-21 04:00:00,61,4
120,3,10,1,120,2022-11-23 07:40:00,2022-11-23 13:00:00,320,7
121,1,2,1,121,2022-11-23 19:32:00,2022-11-24 01:00:00,328,5
122,3,12,1,122,2022-11-23 21:09:00,2022-11-24 00:00:00,171,5
123,3,9,1,123,2022-11-30 22:39:00,2022-12-01 04:00:00,321,4
124,2,7,1,124,2022-12-03 14:10:00,2022-12-03 19:00:00,290,5
125,1,2,1,125,2022-12-09 23:13:00,2022-12-10 05:00:00,347,1
126,3,11,1,126,2022-12-13 10:43:00,2022-12-13 15:00:00,257,8
127,1,4,1,127,2022-12-13 17:46:00,2022-12-13 23:00:00,314,9
128,2,6,1,128,2022-12-14 07:18:00,2022-12-14 11:00:00,222,10
129,2,5,1,129,2022-12-15 06:39:00,2022-12-15 15:00:00,501,1
130,1,3,1,130,2022-12-17 12:39:00,2022-12-17 16:00:00,201,5
131,3,9,1,131,2022-12-19 14:01:00,2022-12-19 22:00:00,479,7
132,3,10,1,132,2022-12-20 03:07:00,2022-12-20 09:00:00,353,10
133,1,1,1,133,2022-12-21 13:58:00,2022-12-21 18:00:00,242,6
134,2,8,1,134,2022-12-22 09:34:00,2022-12-22 13:00:00,206,7
135,3,11,1,135,2023-01-01 12:34:00,2023-01-01 14:00:00,86,7
136,2,7,1,136,2023-01-01 17:47:00,2023-01-01 19:00:00,73,8
137,3,12,1,137,2023-01-03 10:46:00,2023-01-03 14:00:00,194,9
138,1,2,1,138,2023-01-04 22:57:00,2023-01-05 07:00:00,483,11
139,2,6,1,139,2023-01-06 18:56:00,2023-01-06 23:00:00,244,9
140,1,3,1,140,2023-01-09 04:06:00,2023-01-09 11:00:00,414,7
141,3,9,1,141,2023-01-09 22:33:00,2023-01-10 04:00:00,327,3
142,1,2,1,142,2023-01-20 01:51:00,2023-01-20 06:00:00,249,5
143,1,1,1,143,2023-01-20 08:49:00,2023-01-20 12:00:00,191,8
144,2,6,1,144,2023-01-24 22:41:00,2023-01-25 01:00:00,139,7
145,3,10,1,145,2023-01-26 03:07:00,2023-01-26 10:00:00,413,2
146,1,4,1,146,2023-01-27 06:25:00,2023-01-27 13:00:00,395,11
147,3,9,1,147,2023-01-29 03:19:00,2023-01-29 05:00:00,101,2
148,2,5,1,148,2023-01-30 12:14:00,2023-01-30 19:00:00,406,3
149,1,3,1,149,2023-01-30 13:56:00,2023-01-31 00:00:00,604,5
150,3,12,1,150,2023-02-02 19:20:00,2023-02-02 23:00:00,220,9
151,3,11,1,151,2023-02-06 04:38:00,2023-02-06 06:00:00,82,4
152,1,2,1,152,2023-02-06 08:47:00,2023-02-06 14:00:00,313,5
153,2,7,1,153,2023-02-08 19:40:00,2023-02-08 23:00:00,200,10
154,2,8,1,154,2023-02-11 08:45:00,2023-02-11 14:00:00,315,5
155,2,6,1,155,2023-02-16 22:14:00,2023-02-17 03:00:00,286,2
156,1,3,1,156,2023-02-19 10:37:00,2023-02-19 19:00:00,503,4
157,3,9,1,157,2023-02-21 10:42:00,2023-02-21 13:00:00,138,9
158,1,1,1,158,2023-02-21 23:57:00,2023-02-22 02:00:00,123,1
159,3,12,1,159,2023-02-22 03:18:00,2023-02-22 08:00:00,282,4
160,3,11,1,160,2023-02-24 07:13:00,2023-02-24 14:00:00,407,7
161,1,4,1,161,2023-03-01 06:53:00,2023-03-01 14:00:00,427,10
162,3,10,1,162,2023-03-03 11:07:00,2023-03-03 19:00:00,473,3
163,1,2,1,163,2023-03-03 21:13:00,2023-03-04 05:00:00,467,6
164,2,7,1,164,2023-03-05 23:04:00,2023-03-06 03:00:00,236,8
165,2,8,1,165,2023-03-07 16:19:00,2023-03-07 19:00:00,161,3
166,2,5,1,166,2023-03-16 22:11:00,2023-03-17 00:00:00,109,8
167,1,2,1,167,2023-03-17 13:41:00,2023-03-17 16:00:00,139,5
168,1,1,1,168,2023-03-18 13:22:00,2023-03-18 17:00:00,218,9
169,1,3,1,169,2023-03-20 01:01:00,2023-03-20 03:00:00,119,3
170,3,9,1,170,2023-03-21 00:15:00,2023-03-21 03:00:00,165,5
171,2,6,1,171,2023-03-25 14:00:00,2023-03-25 19:00:00,300,2
172,3,11,1,172,2023-03-29 01:48:00,2023-03-29 05:00:00,192,7
173,2,7,1,173,2023-03-29 07:24:00,2023-03-29 15:00:00,456,10
174,3,10,1,174,2023-03-31 16:45:00,2023-04-01 00:00:00,435,11
175,3,12,1,175,2023-04-01 03:59:00,2023-04-01 11:00:00,421,3
176,2,8,1,176,2023-04-05 06:27:00,2023-04-05 15:00:00,513,11
177,1,2,1,177,2023-04-05 13:46:00,2023-04-05 19:00:00,314,10
178,1,4,1,178,2023-04-06 04:48:00,2023-04-06 13:00:00,492,10
179,2,7,1,179,2023-04-13 01:54:00,2023-04-13 08:00:00,366,9
180,2,5,1,180,2023-04-15 11:23:00,2023-04-15 14:00:00,157,3
181,3,11,1,181,2023-04-16 09:18:00,2023-04-16 11:00:00,102,3
182,3,9,1,182,2023-04-19 05:34:00,2023-04-19 12:00:00,386,9
183,1,3,1,183,2023-04-23 04:44:00,2023-04-23 08:00:00,196,8
184,1,4,1,184,2023-04-28 02:16:00,2023-04-28 07:00:00,284,10
185,2,6,1,185,2023-05-03 16:00:00,2023-05-03 20:00:00,240,6
186,1,1,1,186,2023-05-05 17:08:00,2023-05-05 23:00:00,352,6
187,2,7,1,187,2023-05-09 19:21:00,2023-05-10 02:00:00,399,5
188,1,2,1,188,2023-05-12 06:02:00,2023-05-12 08:00:00,118,8
189,3,12,1,189,2023-05-13 08:36:00,2023-05-13 18:00:00,564,9
190,3,11,1,190,2023-05-17 07:43:00,2023-05-17 17:00:00,557,2
191,3,10,1,191,2023-05-18 16:28:00,2023-05-18 19:00:00,152,9
192,1,4,1,192,2023-05-21 07:44:00,2023-05-21 15:00:00,436,2
193,3,9,1,193,2023-05-22 16:00:00,2023-05-22 23:00:00,420,8
194,1,3,1,194,2023-05-25 18:40:00,2023-05-25 22:00:00,200,6
195,2,7,1,195,2023-05-26 00:28:00,2023-05-26 03:00:00,152,9
196,2,8,1,196,2023-05-27 00:20:00,2023-05-27 05:00:00,280,1
197,2,6,1,197,2023-05-29 21:15:00,2023-05-30 00:00:00,165,4
198,1,2,1,198,2023-06-01 22:13:00,2023-06-02 00:00:00,107,8
199,2,5,1,199,2023-06-08 01:33:00,2023-06-08 05:00:00,207,7
200,1,1,1,200,2023-06-15 03:00:00,2023-06-15 09:00:00,360,4
201,3,11,1,201,2023-06-16 02:22:00,2023-06-16 08:00:00,338,6
202,1,4,1,202,2023-06-16 07:09:00,2023-06-16 12:00:00,291,9
203,3,10,1,203,2023-06-19 11:16:00,2023-06-19 19:00:00,464,3
204,2,7,1,204,2023-06-20 12:37:00,2023-06-20 15:00:00,143,8
205,1,3,1,205,2023-06-20 14:49:00,2023-06-20 21:00:00,371,2
206,3,9,1,206,2023-06-20 19:02:00,2023-06-20 21:00:00,118,8
207,3,12,1,207,2023-06-26 13:43:00,2023-06-26 19:00:00,317,10
208,2,8,1,208,2023-06-28 03:50:00,2023-06-28 11:00:00,430,6
209,3,9,1,209,2023-07-04 23:34:00,2023-07-05 06:00:00,386,1
210,2,6,1,210,2023-07-05 14:46:00,2023-07-05 23:00:00,494,2
211,1,2,1,211,2023-07-11 18:46:00,2023-07-11 23:00:00,254,8
212,2,7,1,212,2023-07-14 08:05:00,2023-07-14 15:00:00,415,5
213,3,11,1,213,2023-07-16 04:59:00,2023-07-16 11:00:00,361,3
214,1,1,1,214,2023-07-19 00:05:00,2023-07-19 03:00:00,175,2
215,1,3,1,215,2023-07-23 13:18:00,2023-07-23 19:00:00,342,3
216,1,4,1,216,2023-07-26 19:02:00,2023-07-26 21:00:00,118,8
217,2,7,1,217,2023-07-27 08:56:00,2023-07-27 17:00:00,484,1
218,2,6,1,218,2023-07-28 09:49:00,2023-07-28 17:00:00,431,10
219,3,9,1,219,2023-07-29 02:22:00,2023-07-29 07:00:00,278,5
220,2,8,1,220,2023-08-01 16:01:00,2023-08-01 18:00:00,119,10
221,3,10,1,221,2023-08-02 02:07:00,2023-08-02 04:00:00,113,5
222,2,5,1,222,2023-08-02 13:39:00,2023-08-02 20:00:00,381,7
223,3,12,1,223,2023-08-04 02:22:00,2023-08-04 04:00:00,98,5
224,1,4,1,224,2023-08-12 23:39:00,2023-08-13 07:00:00,441,3
225,1,1,1,225,2023-08-14 01:44:00,2023-08-14 05:00:00,196,9
226,3,11,1,226,2023-08-18 06:34:00,2023-08-18 08:00:00,86,9
227,3,10,1,227,2023-08-19 18:03:00,2023-08-20 00:00:00,357,4
228,1,3,1,228,2023-08-19 21:37:00,2023-08-19 23:00:00,83,4
229,1,2,1,229,2023-08-21 10:34:00,2023-08-21 14:00:00,206,9
230,2,8,1,230,2023-08-23 20:09:00,2023-08-23 22:00:00,111,3
231,2,6,1,231,2023-08-27 04:57:00,2023-08-27 09:00:00,243,5
232,3,9,1,232,2023-08-28 01:15:00,2023-08-28 06:00:00,285,3
233,2,7,1,233,2023-09-02 19:39:00,2023-09-03 00:00:00,261,7
234,1,1,1,234,2023-09-11 00:50:00,2023-09-11 04:00:00,190,6
235,1,2,1,235,2023-09-11 21:29:00,2023-09-12 04:00:00,391,3
236,2,6,1,236,2023-09-12 04:47:00,2023-09-12 09:00:00,253,10
237,3,11,1,237,2023-09-12 11:38:00,2023-09-12 15:00:00,202,4
238,3,12,1,238,2023-09-14 04:20:00,2023-09-14 07:00:00,160,9
239,1,4,1,239,2023-09-14 15:55:00,2023-09-14 19:00:00,185,7
240,2,8,1,240,2023-09-15 19:28:00,2023-09-16 02:00:00,392,8
241,2,5,1,241,2023-09-17 16:41:00,2023-09-17 20:00:00,199,3
242,3,10,1,242,2023-09-18 02:54:00,2023-09-18 05:00:00,126,10
243,1,3,1,243,2023-09-20 01:10:00,2023-09-20 04:00:00,170,8
244,3,9,1,244,2023-09-24 04:44:00,2023-09-24 07:00:00,136,8
245,2,7,1,245,2023-09-24 18:31:00,2023-09-24 22:00:00,209,9
246,2,6,1,246,2023-09-26 15:46:00,2023-09-26 19:00:00,194,6
247,3,11,1,247,2023-09-28 08:32:00,2023-09-28 13:00:00,268,6
248,1,2,1,248,2023-10-07 00:59:00,2023-10-07 07:00:00,361,9
249,1,4,1,249,2023-10-09 05:19:00,2023-10-09 14:00:00,521,8
250,2,7,1,250,2023-10-12 06:15:00,2023-10-12 10:00:00,225,10
251,3,9,1,251,2023-10-13 07:54:00,2023-10-13 11:00:00,186,5
252,3,12,1,252,2023-10-13 19:18:00,2023-10-14 00:00:00,282,7
253,1,3,1,253,2023-10-16 17:45:00,2023-10-17 03:00:00,555,6
254,3,11,1,254,2023-10-17 02:06:00,2023-10-17 07:00:00,294,8
255,1,1,1,255,2023-10-23 16:06:00,2023-10-23 21:00:00,294,1
256,3,10,1,256,2023-10-23 21:01:00,2023-10-24 03:00:00,359,8
257,1,4,1,257,2023-10-24 04:06:00,2023-10-24 10:00:00,354,9
258,2,6,1,258,2023-10-27 09:22:00,2023-10-27 12:00:00,158,7
259,3,11,1,259,2023-10-30 01:03:00,2023-10-30 04:00:00,177,2
260,2,8,1,260,2023-10-30 14:02:00,2023-10-30 17:00:00,178,9
261,3,9,1,261,2023-10-31 06:37:00,2023-10-31 10:00:00,203,6
262,1,2,1,262,2023-11-01 03:38:00,2023-11-01 06:00:00,142,2
263,2,5,1,263,2023-11-02 09:50:00,2023-11-02 17:00:00,430,2
264,2,7,1,264,2023-11-11 04:11:00,2023-11-11 07:00:00,169,9
265,3,12,1,265,2023-11-15 01:23:00,2023-11-15 05:00:00,217,8
266,2,6,1,266,2023-11-15 22:16:00,2023-11-16 05:00:00,404,9
267,3,10,1,267,2023-11-17 17:08:00,2023-11-17 19:00:00,112,3
268,3,11,1,268,2023-11-23 17:07:00,2023-11-23 21:00:00,233,9
269,1,3,1,269,2023-11-24 01:08:00,2023-11-24 06:00:00,292,8
270,1,1,1,270,2023-11-25 07:33:00,2023-11-25 14:00:00,387,9
271,1,4,1,271,2023-11-28 11:22:00,2023-11-28 17:00:00,338,9
272,1,2,1,272,2023-11-29 03:52:00,2023-11-29 08:00:00,248,8
273,3,9,1,273,2023-12-02 17:50:00,2023-12-02 23:00:00,310,8
274,3,10,1,274,2023-12-07 01:48:00,2023-12-07 04:00:00,132,3
275,2,5,1,275,2023-12-07 06:21:00,2023-12-07 08:00:00,99,2
276,2,8,1,276,2023-12-08 18:11:00,2023-12-08 22:00:00,229,8
277,1,3,1,277,2023-12-09 00:00:00,2023-12-09 05:00:00,300,3
278,1,1,1,278,2023-12-13 19:30:00,2023-12-14 01:00:00,330,2
279,2,7,1,279,2023-12-15 09:41:00,2023-12-15 16:00:00,379,2
280,2,6,1,280,2023-12-20 13:22:00,2023-12-20 20:00:00,398,10
281,1,2,1,281,2023-12-22 06:46:00,2023-12-22 14:00:00,434,9
282,1,4,1,282,2023-12-27 11:05:00,2023-12-27 14:00:00,175,8
283,3,11,1,283,2023-12-27 16:01:00,2023-12-27 21:00:00,299,3
284,3,10,1,284,2023-12-28 08:19:00,2023-12-28 10:00:00,101,7
285,3,9,1,285,2023-12-28 20:55:00,2023-12-28 23:00:00,125,5
286,3,12,1,286,2023-12-29 02:18:00,2023-12-29 07:00:00,282,8
287,2,7,1,287,2023-12-29 12:58:00,2023-12-29 15:00:00,122,9
288,1,3,1,288,2024-01-08 18:20:00,2024-01-08 22:00:00,220,8
289,2,5,1,289,2024-01-10 19:25:00,2024-01-10 21:00:00,95,2
290,3,9,1,290,2024-01-13 13:20:00,2024-01-13 18:00:00,280,3
291,3,12,1,291,2024-01-20 04:53:00,2024-01-20 09:00:00,247,9
292,2,6,1,292,2024-01-20 22:42:00,2024-01-21 02:00:00,198,8
293,3,11,1,293,2024-01-20 22:16:00,2024-01-21 01:00:00,164,8
294,2,8,1,294,2024-01-25 04:16:00,2024-01-25 07:00:00,164,3
295,2,7,1,295,2024-01-26 10:32:00,2024-01-26 15:00:00,268,8
296,1,1,1,296,2024-01-27 11:58:00,2024-01-27 18:00:00,362,5
297,3,9,1,297,2024-01-28 22:22:00,2024-01-29 00:00:00,98,1
298,1,2,1,298,2024-01-30 07:46:00,2024-01-30 09:00:00,74,5
299,1,4,1,299,2024-01-31 11:19:00,2024-01-31 16:00:00,281,9
300,1,3,1,300,2024-02-04 07:16:00,2024-02-04 10:00:00,164,9
301,3,11,1,301,2024-02-07 08:22:00,2024-02-07 15:00:00,398,7
302,2,6,1,302,2024-02-08 02:12:00,2024-02-08 09:00:00,408,5
303,3,10,1,303,2024-02-12 08:49:00,2024-02-12 11:00:00,131,1
304,1,2,1,304,2024-02-14 05:28:00,2024-02-14 07:00:00,92,9
305,2,5,1,305,2024-02-24 01:45:00,2024-02-24 10:00:00,495,3
306,2,8,1,306,2024-02-25 05:46:00,2024-02-25 13:00:00,434,11
307,1,4,1,307,2024-02-26 06:03:00,2024-02-26 12:00:00,357,5
308,2,6,1,308,2024-03-01 02:17:00,2024-03-01 07:00:00,283,5
309,2,7,1,309,2024-03-01 16:35:00,2024-03-01 21:00:00,265,10
310,3,9,1,310,2024-03-02 06:42:00,2024-03-02 12:00:00,318,8
311,1,1,1,311,2024-03-03 14:31:00,2024-03-04 00:00:00,569,4
312,3,11,1,312,2024-03-04 01:38:00,2024-03-04 08:00:00,382,3
313,3,12,1,313,2024-03-04 16:41:00,2024-03-04 19:00:00,139,2
314,1,2,1,314,2024-03-10 19:56:00,2024-03-10 21:00:00,64,9
315,2,7,1,315,2024-03-15 22:55:00,2024-03-16 01:00:00,125,5
316,3,9,1,316,2024-03-17 00:07:00,2024-03-17 08:00:00,473,3
317,1,3,1,317,2024-03-18 00:36:00,2024-03-18 06:00:00,324,6
318,2,6,1,318,2024-03-21 22:28:00,2024-03-22 00:00:00,92,9
319,1,2,1,319,2024-03-24 16:26:00,2024-03-24 21:00:00,274,4
320,3,11,1,320,2024-03-28 20:17:00,2024-03-29 00:00:00,223,9
321,3,10,1,321,2024-03-29 11:56:00,2024-03-29 13:00:00,64,3
322,2,5,1,322,2024-03-31 13:34:00,2024-03-31 19:00:00,326,1
323,2,8,1,323,2024-04-05 12:45:00,2024-04-05 17:00:00,255,2
324,1,3,1,324,2024-04-08 22:18:00,2024-04-09 04:00:00,342,2
325,1,4,1,325,2024-04-12 04:30:00,2024-04-12 14:00:00,570,7
326,3,12,1,326,2024-04-13 05:59:00,2024-04-13 12:00:00,361,1
327,1,2,1,327,2024-04-13 19:22:00,2024-04-14 00:00:00,278,10
328,2,6,1,328,2024-04-15 13:12:00,2024-04-15 18:00:00,288,7
329,1,1,1,329,2024-04-16 22:40:00,2024-04-17 02:00:00,200,1
330,3,10,1,330,2024-04-19 00:45:00,2024-04-19 04:00:00,195,6
331,2,7,1,331,2024-04-23 00:07:00,2024-04-23 06:00:00,353,5
332,3,9,1,332,2024-04-25 00:07:00,2024-04-25 02:00:00,113,2
333,3,11,1,333,2024-04-30 22:45:00,2024-05-01 06:00:00,435,7
334,1,3,1,334,2024-05-07 07:24:00,2024-05-07 13:00:00,336,7
335,2,8,1,335,2024-05-07 16:49:00,2024-05-07 21:00:00,251,6
336,1,4,1,336,2024-05-08 00:31:00,2024-05-08 09:00:00,509,9
337,2,6,1,337,2024-05-16 04:52:00,2024-05-16 09:00:00,248,8
338,3,10,1,338,2024-05-17 11:40:00,2024-05-17 18:00:00,380,9
339,1,1,1,339,2024-05-18 18:51:00,2024-05-19 01:00:00,369,8
340,3,12,1,340,2024-05-21 08:34:00,2024-05-21 14:00:00,326,10
341,1,2,1,341,2024-05-21 11:09:00,2024-05-21 16:00:00,291,4
342,2,7,1,342,2024-05-21 17:13:00,2024-05-22 00:00:00,407,4
343,2,5,1,343,2024-05-22 16:58:00,2024-05-22 20:00:00,182,2
344,2,6,1,344,2024-05-29 03:32:00,2024-05-29 07:00:00,208,6
345,1,3,1,345,2024-05-29 23:09:00,2024-05-30 03:00:00,231,3
346,3,11,1,346,2024-05-31 02:46:00,2024-05-31 13:00:00,614,7
347,3,9,1,347,2024-06-01 10:58:00,2024-06-01 15:00:00,242,3
348,2,8,1,348,2024-06-03 12:04:00,2024-06-03 20:00:00,476,3
349,3,10,1,349,2024-06-04 23:38:00,2024-06-05 04:00:00,262,7
350,1,1,1,350,2024-06-05 21:45:00,2024-06-06 04:00:00,375,4
351,2,7,1,351,2024-06-08 09:33:00,2024-06-08 14:00:00,267,10
352,1,2,1,352,2024-06-14 05:53:00,2024-06-14 12:00:00,367,7
353,3,11,1,353,2024-06-14 12:00:00,2024-06-14 14:00:00,120,1
354,2,5,1,354,2024-06-17 14:23:00,2024-06-17 16:00:00,97,6
355,1,4,1,355,2024-06-17 22:22:00,2024-06-18 00:00:00,98,8
356,2,6,1,356,2024-06-21 11:06:00,2024-06-21 16:00:00,294,11
357,3,12,1,357,2024-06-21 10:30:00,2024-06-21 18:00:00,450,10
358,3,9,1,358,2024-06-27 07:01:00,2024-06-27 10:00:00,179,3
359,2,7,1,359,2024-07-02 00:00:00,2024-07-02 02:00:00,120,2
360,3,10,1,360,2024-07-02 18:18:00,2024-07-03 04:00:00,582,3
361,1,2,1,361,2024-07-02 22:10:00,2024-07-03 01:00:00,170,5
362,1,4,1,362,2024-07-07 09:46:00,2024-07-07 17:00:00,434,9
363,1,3,1,363,2024-07-07 16:35:00,2024-07-07 19:00:00,145,1
364,1,1,1,364,2024-07-14 10:24:00,2024-07-14 15:00:00,276,10
365,2,6,1,365,2024-07-15 05:22:00,2024-07-15 13:00:00,458,8
366,3,11,1,366,2024-07-18 18:08:00,2024-07-18 23:00:00,292,10
367,1,2,1,367,2024-07-23 17:28:00,2024-07-23 23:00:00,332,7
368,2,7,1,368,2024-07-25 21:04:00,2024-07-25 23:00:00,116,4
369,3,9,1,369,2024-07-27 01:58:00,2024-07-27 07:00:00,302,5
370,3,12,1,370,2024-07-29 10:41:00,2024-07-29 16:00:00,319,1
371,2,8,1,371,2024-07-30 13:21:00,2024-07-30 21:00:00,459,10
372,1,4,1,372,2024-08-01 02:06:00,2024-08-01 06:00:00,234,9
373,2,6,1,373,2024-08-01 14:46:00,2024-08-01 17:00:00,134,4
374,2,5,1,374,2024-08-01 14:55:00,2024-08-01 17:00:00,125,3
375,1,3,1,375,2024-08-14 01:10:00,2024-08-14 10:00:00,530,5
376,3,9,1,376,2024-08-14 18:11:00,2024-08-15 00:00:00,349,2
377,3,10,1,377,2024-08-17 00:42:00,2024-08-17 03:00:00,138,1
378,2,7,1,378,2024-08-19 09:21:00,2024-08-19 11:00:00,99,3
379,3,11,1,379,2024-08-22 10:42:00,2024-08-22 15:00:00,258,5
380,2,5,1,380,2024-08-23 08:40:00,2024-08-23 17:00:00,500,2
381,2,6,1,381,2024-08-23 19:44:00,2024-08-24 01:00:00,316,8
382,1,1,1,382,2024-08-27 05:19:00,2024-08-27 09:00:00,221,11
383,1,2,1,383,2024-08-28 18:46:00,2024-08-29 05:00:00,614,1
384,1,3,1,384,2024-08-30 06:51:00,2024-08-30 14:00:00,429,9
385,3,12,1,385,2024-09-02 21:10:00,2024-09-03 06:00:00,530,9
386,2,6,1,386,2024-09-07 04:38:00,2024-09-07 08:00:00,202,8
387,3,11,1,387,2024-09-12 18:36:00,2024-09-13 01:00:00,384,6
388,1,4,1,388,2024-09-14 04:51:00,2024-09-14 08:00:00,189,1
389,2,8,1,389,2024-09-15 09:43:00,2024-09-15 13:00:00,197,1
390,3,10,1,390,2024-09-15 21:20:00,2024-09-16 05:00:00,460,3
391,1,2,1,391,2024-09-15 20:45:00,2024-09-16 01:00:00,255,6
392,3,9,1,392,2024-09-18 13:55:00,2024-09-18 15:00:00,65,1
393,2,7,1,393,2024-09-22 01:10:00,2024-09-22 06:00:00,290,7
394,1,3,1,394,2024-10-01 16:29:00,2024-10-01 18:00:00,91,6
395,1,4,1,395,2024-10-03 00:45:00,2024-10-03 06:00:00,315,8
396,3,9,1,396,2024-10-02 23:46:00,2024-10-03 01:00:00,74,7
397,1,1,1,397,2024-10-04 21:30:00,2024-10-05 00:00:00,150,9
398,3,12,1,398,2024-10-05 14:13:00,2024-10-05 18:00:00,227,1
399,2,5,1,399,2024-10-07 19:47:00,2024-10-08 00:00:00,253,6
400,2,6,1,400,2024-10-09 20:44:00,2024-10-10 01:00:00,256,3
401,2,8,1,401,2024-10-11 00:37:00,2024-10-11 02:00:00,83,8
402,1,2,1,402,2024-10-17 23:36:00,2024-10-18 01:00:00,84,4
403,3,11,1,403,2024-10-18 08:52:00,2024-10-18 14:00:00,308,10
404,3,10,1,404,2024-10-21 07:55:00,2024-10-21 15:00:00,425,6
405,2,7,1,405,2024-10-22 01:44:00,2024-10-22 08:00:00,376,8
406,1,3,1,406,2024-10-22 23:35:00,2024-10-23 01:00:00,85,3
407,2,5,1,407,2024-10-28 20:03:00,2024-10-29 01:00:00,297,1
408,3,9,1,408,2024-10-31 02:33:00,2024-10-31 05:00:00,147,8
409,2,6,1,409,2024-11-02 10:10:00,2024-11-02 14:00:00,230,10
410,3,10,1,410,2024-11-04 10:31:00,2024-11-04 17:00:00,389,4
411,3,11,1,411,2024-11-05 10:45:00,2024-11-05 13:00:00,135,4
412,2,8,1,412,2024-11-05 16:35:00,2024-11-05 18:00:00,85,1
413,1,3,1,413,2024-11-05 23:28:00,2024-11-06 01:00:00,92,5
414,3,12,1,414,2024-11-07 00:22:00,2024-11-07 08:00:00,458,5
415,1,2,1,415,2024-11-07 05:59:00,2024-11-07 10:00:00,241,5
416,2,7,1,416,2024-11-09 23:40:00,2024-11-10 07:00:00,440,10
417,1,4,1,417,2024-11-12 04:09:00,2024-11-12 12:00:00,471,8
418,3,9,1,418,2024-11-13 19:11:00,2024-11-14 00:00:00,289,2
419,1,1,1,419,2024-11-18 09:44:00,2024-11-18 15:00:00,316,6
420,1,3,1,420,2024-11-26 12:21:00,2024-11-26 14:00:00,99,2
421,3,12,1,421,2024-11-30 17:29:00,2024-11-30 19:00:00,91,6
422,1,2,1,422,2024-12-02 03:34:00,2024-12-02 13:00:00,566,8
423,2,8,1,423,2024-12-02 14:46:00,2024-12-02 19:00:00,254,8
424,2,6,1,424,2024-12-04 19:12:00,2024-12-04 23:00:00,228,2
425,2,5,1,425,2024-12-05 04:32:00,2024-12-05 10:00:00,328,10
426,3,11,1,426,2024-12-11 06:54:00,2024-12-11 12:00:00,306,5
427,1,3,1,427,2024-12-14 03:41:00,2024-12-14 12:00:00,499,8
428,2,7,1,428,2024-12-16 13:04:00,2024-12-16 20:00:00,416,3
429,3,10,1,429,2024-12-18 03:27:00,2024-12-18 10:00:00,393,4
430,3,9,1,430,2024-12-19 13:09:00,2024-12-19 20:00:00,411,2
431,1,4,1,431,2024-12-20 19:22:00,2024-12-21 05:00:00,578,8
432,1,2,1,432,2024-12-27 20:48:00,2024-12-28 05:00:00,492,7
433,3,9,1,433,2024-12-28 07:56:00,2024-12-28 13:00:00,304,2
434,2,6,1,434,2024-12-28 19:38:00,2024-12-28 22:00:00,142,9
435,1,1,1,,2022-01-14 00:00:00,2022-01-14 00:48:00,48,9
436,1,1,1,,2022-01-28 00:00:00,2022-01-28 00:40:00,40,8
437,1,1,1,,2022-02-08 00:00:00,2022-02-08 00:38:00,38,8
438,1,1,1,,2022-02-20 00:00:00,2022-02-20 00:30:00,30,9
439,1,1,1,,2022-03-06 00:00:00,2022-03-06 00:55:00,55,9
440,1,1,1,,2022-03-18 00:00:00,2022-03-18 00:41:00,41,6
441,1,1,1,,2022-03-29 00:00:00,2022-03-29 00:43:00,43,7
442,1,1,1,,2022-04-09 00:00:00,2022-04-09 00:40:00,40,2
443,1,1,1,,2022-04-22 00:00:00,2022-04-22 00:41:00,41,10
444,1,1,1,,2022-05-02 00:00:00,2022-05-02 00:46:00,46,4
445,1,1,1,,2022-05-15 00:00:00,2022-05-15 00:22:00,22,6
446,1,1,1,,2022-05-27 00:00:00,2022-05-27 00:26:00,26,6
447,1,1,1,,2022-06-06 00:00:00,2022-06-06 00:58:00,58,3
448,1,1,1,,2022-06-19 00:00:00,2022-06-19 00:44:00,44,3
449,1,1,1,,2022-06-30 00:00:00,2022-06-30 00:28:00,28,6
450,1,1,1,,2022-07-11 00:00:00,2022-07-11 00:39:00,39,8
451,1,1,1,,2022-07-24 00:00:00,2022-07-24 00:27:00,27,4
452,1,1,1,,2022-08-03 00:00:00,2022-08-03 00:55:00,55,3
453,1,1,1,,2022-08-16 00:00:00,2022-08-16 00:21:00,21,7
454,1,1,1,,2022-08-27 00:00:00,2022-08-27 00:23:00,23,7
455,1,1,1,,2022-09-10 00:00:00,2022-09-10 00:37:00,37,3
456,1,1,1,,2022-09-21 00:00:00,2022-09-21 00:55:00,55,9
457,1,1,1,,2022-10-04 00:00:00,2022-10-04 00:59:00,59,6
458,1,1,1,,2022-10-18 00:00:00,2022-10-18 00:37:00,37,6
459,1,1,1,,2022-10-29 00:00:00,2022-10-29 00:44:00,44,10
460,1,1,1,,2022-11-12 00:00:00,2022-11-12 00:34:00,34,2
461,1,1,1,,2022-11-22 00:00:00,2022-11-22 00:26:00,26,10
462,1,1,1,,2022-12-02 00:00:00,2022-12-02 00:27:00,27,9
463,1,1,1,,2022-12-14 00:00:00,2022-12-14 00:36:00,36,9
464,1,1,1,,2022-12-26 00:00:00,2022-12-26 00:54:00,54,2
465,1,1,1,,2023-01-07 00:00:00,2023-01-07 00:24:00,24,8
466,1,1,1,,2023-01-18 00:00:00,2023-01-18 00:47:00,47,8
467,1,1,1,,2023-01-28 00:00:00,2023-01-28 00:27:00,27,3
468,1,1,1,,2023-02-07 00:00:00,2023-02-07 00:42:00,42,9
469,1,1,1,,2023-02-21 00:00:00,2023-02-21 00:54:00,54,9
470,1,1,1,,2023-03-05 00:00:00,2023-03-05 00:54:00,54,2
471,1,1,1,,2023-03-17 00:00:00,2023-03-17 00:56:00,56,4
472,1,1,1,,2023-03-27 00:00:00,2023-03-27 00:24:00,24,8
473,1,1,1,,2023-04-08 00:00:00,2023-04-08 00:28:00,28,4
474,1,1,1,,2023-04-18 00:00:00,2023-04-18 00:51:00,51,5
475,1,1,1,,2023-05-02 00:00:00,2023-05-02 00:42:00,42,8
476,1,1,1,,2023-05-16 00:00:00,2023-05-16 00:34:00,34,5
477,1,1,1,,2023-05-30 00:00:00,2023-05-30 00:51:00,51,8
478,1,1,1,,2023-06-11 00:00:00,2023-06-11 00:41:00,41,3
479,1,1,1,,2023-06-22 00:00:00,2023-06-22 00:25:00,25,5
480,1,1,1,,2023-07-04 00:00:00,2023-07-04 00:47:00,47,10
481,1,1,1,,2023-07-14 00:00:00,2023-07-14 00:20:00,20,10
482,1,1,1,,2023-07-26 00:00:00,2023-07-26 00:32:00,32,10
483,1,1,1,,2023-08-07 00:00:00,2023-08-07 00:58:00,58,7
484,1,1,1,,2023-08-19 00:00:00,2023-08-19 00:28:00,28,6
485,1,1,1,,2023-08-29 00:00:00,2023-08-29 00:43:00,43,7
486,1,1,1,,2023-09-08 00:00:00,2023-09-08 00:31:00,31,8
487,1,1,1,,2023-09-19 00:00:00,2023-09-19 00:22:00,22,2
488,1,1,1,,2023-10-03 00:00:00,2023-10-03 00:36:00,36,2
489,1,1,1,,2023-10-14 00:00:00,2023-10-14 00:21:00,21,7
490,1,1,1,,2023-10-28 00:00:00,2023-10-28 00:51:00,51,2
491,1,1,1,,2023-11-07 00:00:00,2023-11-07 00:38:00,38,3
492,1,1,1,,2023-11-21 00:00:00,2023-11-21 00:45:00,45,7
493,1,1,1,,2023-12-04 00:00:00,2023-12-04 00:30:00,30,9
494,1,1,1,,2023-12-16 00:00:00,2023-12-16 00:36:00,36,7
495,1,1,1,,2023-12-30 00:00:00,2023-12-30 00:53:00,53,7
496,1,1,1,,2024-01-11 00:00:00,2024-01-11 00:35:00,35,2
497,1,1,1,,2024-01-21 00:00:00,2024-01-21 00:25:00,25,4
498,1,1,1,,2024-02-03 00:00:00,2024-02-03 00:55:00,55,4
499,1,1,1,,2024-02-14 00:00:00,2024-02-14 00:22:00,22,4
500,1,1,1,,2024-02-27 00:00:00,2024-02-27 00:51:00,51,8
501,1,1,1,,2024-03-11 00:00:00,2024-03-11 00:52:00,52,9
502,1,1,1,,2024-03-22 00:00:00,2024-03-22 00:59:00,59,2
503,1,1,1,,2024-04-03 00:00:00,2024-04-03 00:47:00,47,10
504,1,1,1,,2024-04-13 00:00:00,2024-04-13 00:42:00,42,4
505,1,1,1,,2024-04-26 00:00:00,2024-04-26 00:35:00,35,10
506,1,1,1,,2024-05-09 00:00:00,2024-05-09 00:21:00,21,2
507,1,1,1,,2024-05-22 00:00:00,2024-05-22 00:24:00,24,6
508,1,1,1,,2024-06-03 00:00:00,2024-06-03 00:28:00,28,10
509,1,1,1,,2024-06-15 00:00:00,2024-06-15 00:38:00,38,4
510,1,1,1,,2024-06-28 00:00:00,2024-06-28 00:43:00,43,7
511,1,1,1,,2024-07-08 00:00:00,2024-07-08 00:43:00,43,5
512,1,1,1,,2024-07-20 00:00:00,2024-07-20 00:27:00,27,5
513,1,1,1,,2024-08-02 00:00:00,2024-08-02 00:54:00,54,10
514,1,1,1,,2024-08-14 00:00:00,2024-08-14 00:44:00,44,3
515,1,1,1,,2024-08-25 00:00:00,2024-08-25 00:21:00,21,7
516,1,1,1,,2024-09-06 00:00:00,2024-09-06 00:35:00,35,10
517,1,1,1,,2024-09-19 00:00:00,2024-09-19 00:52:00,52,5
518,1,1,1,,2024-09-29 00:00:00,2024-09-29 00:33:00,33,6
519,1,1,1,,2024-10-12 00:00:00,2024-10-12 00:27:00,27,8
520,1,1,1,,2024-10-24 00:00:00,2024-10-24 00:36:00,36,2
521,1,1,1,,2024-11-06 00:00:00,2024-11-06 00:41:00,41,8
522,1,1,1,,2024-11-20 00:00:00,2024-11-20 00:27:00,27,3
523,1,1,1,,2024-12-04 00:00:00,2024-12-04 00:49:00,49,2
524,1,1,1,,2024-12-17 00:00:00,2024-12-17 00:52:00,52,6
525,1,1,1,,2024-12-30 00:00:00,2024-12-30 00:38:00,38,5
526,1,1,1,,2025-01-11 00:00:00,2025-01-11 00:36:00,36,6
527,1,2,1,,2022-01-13 00:00:00,2022-01-13 00:56:00,56,9
528,1,2,1,,2022-01-27 00:00:00,2022-01-27 00:50:00,50,4
529,1,2,1,,2022-02-09 00:00:00,2022-02-09 00:52:00,52,5
530,1,2,1,,2022-02-23 00:00:00,2022-02-23 00:40:00,40,8
531,1,2,1,,2022-03-05 00:00:00,2022-03-05 00:22:00,22,3
532,1,2,1,,2022-03-15 00:00:00,2022-03-15 00:50:00,50,7
533,1,2,1,,2022-03-26 00:00:00,2022-03-26 00:22:00,22,9
534,1,2,1,,2022-04-06 00:00:00,2022-04-06 00:51:00,51,7
535,1,2,1,,2022-04-17 00:00:00,2022-04-17 00:46:00,46,3
536,1,2,1,,2022-04-28 00:00:00,2022-04-28 00:36:00,36,9
537,1,2,1,,2022-05-08 00:00:00,2022-05-08 00:28:00,28,7
538,1,2,1,,2022-05-22 00:00:00,2022-05-22 00:45:00,45,4
539,1,2,1,,2022-06-02 00:00:00,2022-06-02 00:44:00,44,9
540,1,2,1,,2022-06-16 00:00:00,2022-06-16 00:26:00,26,10
541,1,2,1,,2022-06-29 00:00:00,2022-06-29 00:39:00,39,2
542,1,2,1,,2022-07-12 00:00:00,2022-07-12 00:42:00,42,3
543,1,2,1,,2022-07-23 00:00:00,2022-07-23 00:51:00,51,8
544,1,2,1,,2022-08-04 00:00:00,2022-08-04 00:44:00,44,7
545,1,2,1,,2022-08-15 00:00:00,2022-08-15 00:41:00,41,2
546,1,2,1,,2022-08-28 00:00:00,2022-08-28 00:25:00,25,7
547,1,2,1,,2022-09-09 00:00:00,2022-09-09 00:56:00,56,2
548,1,2,1,,2022-09-23 00:00:00,2022-09-23 00:24:00,24,8
549,1,2,1,,2022-10-06 00:00:00,2022-10-06 00:25:00,25,5
550,1,2,1,,2022-10-18 00:00:00,2022-10-18 00:59:00,59,5
551,1,2,1,,2022-11-01 00:00:00,2022-11-01 00:49:00,49,4
552,1,2,1,,2022-11-11 00:00:00,2022-11-11 00:38:00,38,8
553,1,2,1,,2022-11-22 00:00:00,2022-11-22 00:56:00,56,6
554,1,2,1,,2022-12-02 00:00:00,2022-12-02 00:31:00,31,6
555,1,2,1,,2022-12-12 00:00:00,2022-12-12 00:20:00,20,3
556,1,2,1,,2022-12-22 00:00:00,2022-12-22 00:59:00,59,6
557,1,2,1,,2023-01-01 00:00:00,2023-01-01 00:35:00,35,8
558,1,2,1,,2023-01-15 00:00:00,2023-01-15 00:41:00,41,8
559,1,2,1,,2023-01-27 00:00:00,2023-01-27 00:31:00,31,4
560,1,2,1,,2023-02-10 00:00:00,2023-02-10 00:41:00,41,10
561,1,2,1,,2023-02-24 00:00:00,2023-02-24 00:33:00,33,6
562,1,2,1,,2023-03-06 00:00:00,2023-03-06 00:49:00,49,5
563,1,2,1,,2023-03-20 00:00:00,2023-03-20 00:31:00,31,6
564,1,2,1,,2023-04-02 00:00:00,2023-04-02 00:52:00,52,6
565,1,2,1,,2023-04-13 00:00:00,2023-04-13 00:29:00,29,7
566,1,2,1,,2023-04-27 00:00:00,2023-04-27 00:55:00,55,3
567,1,2,1,,2023-05-10 00:00:00,2023-05-10 00:50:00,50,4
568,1,2,1,,2023-05-21 00:00:00,2023-05-21 00:51:00,51,2
569,1,2,1,,2023-06-04 00:00:00,2023-06-04 00:23:00,23,9
570,1,2,1,,2023-06-15 00:00:00,2023-06-15 00:47:00,47,5
571,1,2,1,,2023-06-28 00:00:00,2023-06-28 00:54:00,54,2
572,1,2,1,,2023-07-08 00:00:00,2023-07-08 00:56:00,56,4
573,1,2,1,,2023-07-18 00:00:00,2023-07-18 00:52:00,52,9
574,1,2,1,,2023-07-29 00:00:00,2023-07-29 00:48:00,48,3
575,1,2,1,,2023-08-12 00:00:00,2023-08-12 00:54:00,54,8
576,1,2,1,,2023-08-22 00:00:00,2023-08-22 00:45:00,45,9
577,1,2,1,,2023-09-05 00:00:00,2023-09-05 00:45:00,45,3
578,1,2,1,,2023-09-17 00:00:00,2023-09-17 00:26:00,26,5
579,1,2,1,,2023-09-28 00:00:00,2023-09-28 00:30:00,30,9
580,1,2,1,,2023-10-11 00:00:00,2023-10-11 00:44:00,44,6
581,1,2,1,,2023-10-25 00:00:00,2023-10-25 00:55:00,55,6
582,1,2,1,,2023-11-04 00:00:00,2023-11-04 00:43:00,43,4
583,1,2,1,,2023-11-14 00:00:00,2023-11-14 00:54:00,54,5
584,1,2,1,,2023-11-25 00:00:00,2023-11-25 00:58:00,58,9
585,1,2,1,,2023-12-09 00:00:00,2023-12-09 00:31:00,31,2
586,1,2,1,,2023-12-23 00:00:00,2023-12-23 00:42:00,42,10
587,1,2,1,,2024-01-04 00:00:00,2024-01-04 00:49:00,49,2
588,1,2,1,,2024-01-14 00:00:00,2024-01-14 00:39:00,39,10
589,1,2,1,,2024-01-28 00:00:00,2024-01-28 00:38:00,38,2
590,1,2,1,,2024-02-10 00:00:00,2024-02-10 00:31:00,31,10
591,1,2,1,,2024-02-22 00:00:00,2024-02-22 00:31:00,31,10
592,1,2,1,,2024-03-06 00:00:00,2024-03-06 00:33:00,33,5
593,1,2,1,,2024-03-18 00:00:00,2024-03-18 00:35:00,35,6
594,1,2,1,,2024-04-01 00:00:00,2024-04-01 00:54:00,54,10
595,1,2,1,,2024-04-14 00:00:00,2024-04-14 00:40:00,40,5
596,1,2,1,,2024-04-28 00:00:00,2024-04-28 00:42:00,42,10
597,1,2,1,,2024-05-12 00:00:00,2024-05-12 00:58:00,58,6
598,1,2,1,,2024-05-24 00:00:00,2024-05-24 00:42:00,42,3
599,1,2,1,,2024-06-06 00:00:00,2024-06-06 00:28:00,28,2
600,1,2,1,,2024-06-20 00:00:00,2024-06-20 00:57:00,57,8
601,1,2,1,,2024-07-04 00:00:00,2024-07-04 00:59:00,59,10
602,1,2,1,,2024-07-15 00:00:00,2024-07-15 00:46:00,46,3
603,1,2,1,,2024-07-29 00:00:00,2024-07-29 00:48:00,48,6
604,1,2,1,,2024-08-10 00:00:00,2024-08-10 00:27:00,27,2
605,1,2,1,,2024-08-23 00:00:00,2024-08-23 00:36:00,36,8
606,1,2,1,,2024-09-02 00:00:00,2024-09-02 00:23:00,23,5
607,1,2,1,,2024-09-15 00:00:00,2024-09-15 00:50:00,50,4
608,1,2,1,,2024-09-29 00:00:00,2024-09-29 00:58:00,58,4
609,1,2,1,,2024-10-11 00:00:00,2024-10-11 00:32:00,32,3
610,1,2,1,,2024-10-24 00:00:00,2024-10-24 00:39:00,39,9
611,1,2,1,,2024-11-07 00:00:00,2024-11-07 00:58:00,58,2
612,1,2,1,,2024-11-19 00:00:00,2024-11-19 00:32:00,32,10
613,1,2,1,,2024-12-02 00:00:00,2024-12-02 00:44:00,44,9
614,1,2,1,,2024-12-12 00:00:00,2024-12-12 00:57:00,57,6
615,1,2,1,,2024-12-23 00:00:00,2024-12-23 00:51:00,51,6
616,1,2,1,,2025-01-06 00:00:00,2025-01-06 00:30:00,30,6
617,1,3,1,,2022-01-14 00:00:00,2022-01-14 00:54:00,54,4
618,1,3,1,,2022-01-27 00:00:00,2022-01-27 00:37:00,37,10
619,1,3,1,,2022-02-06 00:00:00,2022-02-06 00:33:00,33,2
620,1,3,1,,2022-02-20 00:00:00,2022-02-20 00:22:00,22,8
621,1,3,1,,2022-03-02 00:00:00,2022-03-02 00:30:00,30,9
622,1,3,1,,2022-03-15 00:00:00,2022-03-15 00:43:00,43,6
623,1,3,1,,2022-03-26 00:00:00,2022-03-26 00:47:00,47,5
624,1,3,1,,2022-04-06 00:00:00,2022-04-06 00:27:00,27,3
625,1,3,1,,2022-04-19 00:00:00,2022-04-19 00:47:00,47,6
626,1,3,1,,2022-04-29 00:00:00,2022-04-29 00:55:00,55,7
627,1,3,1,,2022-05-09 00:00:00,2022-05-09 00:28:00,28,2
628,1,3,1,,2022-05-23 00:00:00,2022-05-23 00:39:00,39,4
629,1,3,1,,2022-06-06 00:00:00,2022-06-06 00:25:00,25,3
630,1,3,1,,2022-06-18 00:00:00,2022-06-18 00:24:00,24,10
631,1,3,1,,2022-06-29 00:00:00,2022-06-29 00:29:00,29,9
632,1,3,1,,2022-07-10 00:00:00,2022-07-10 00:24:00,24,8
633,1,3,1,,2022-07-20 00:00:00,2022-07-20 00:20:00,20,3
634,1,3,1,,2022-07-30 00:00:00,2022-07-30 00:30:00,30,6
635,1,3,1,,2022-08-10 00:00:00,2022-08-10 00:44:00,44,7
636,1,3,1,,2022-08-22 00:00:00,2022-08-22 00:46:00,46,2
637,1,3,1,,2022-09-05 00:00:00,2022-09-05 00:52:00,52,3
638,1,3,1,,2022-09-15 00:00:00,2022-09-15 00:54:00,54,2
639,1,3,1,,2022-09-29 00:00:00,2022-09-29 00:25:00,25,2
640,1,3,1,,2022-10-13 00:00:00,2022-10-13 00:50:00,50,6
641,1,3,1,,2022-10-25 00:00:00,2022-10-25 00:42:00,42,6
642,1,3,1,,2022-11-08 00:00:00,2022-11-08 00:56:00,56,4
643,1,3,1,,2022-11-18 00:00:00,2022-11-18 00:40:00,40,10
644,1,3,1,,2022-11-28 00:00:00,2022-11-28 00:32:00,32,5
645,1,3,1,,2022-12-08 00:00:00,2022-12-08 00:59:00,59,3
646,1,3,1,,2022-12-21 00:00:00,2022-12-21 00:50:00,50,9
647,1,3,1,,2023-01-01 00:00:00,2023-01-01 00:53:00,53,7
648,1,3,1,,2023-01-13 00:00:00,2023-01-13 00:31:00,31,2
649,1,3,1,,2023-01-26 00:00:00,2023-01-26 00:24:00,24,10
650,1,3,1,,2023-02-05 00:00:00,2023-02-05 00:42:00,42,6
651,1,3,1,,2023-02-19 00:00:00,2023-02-19 00:33:00,33,3
652,1,3,1,,2023-03-03 00:00:00,2023-03-03 00:58:00,58,7
653,1,3,1,,2023-03-16 00:00:00,2023-03-16 00:53:00,53,7
654,1,3,1,,2023-03-27 00:00:00,2023-03-27 00:53:00,53,3
655,1,3,1,,2023-04-08 00:00:00,2023-04-08 00:53:00,53,5
656,1,3,1,,2023-04-18 00:00:00,2023-04-18 00:57:00,57,2
657,1,3,1,,2023-05-01 00:00:00,2023-05-01 00:49:00,49,8
658,1,3,1,,2023-05-12 00:00:00,2023-05-12 00:36:00,36,6
659,1,3,1,,2023-05-26 00:00:00,2023-05-26 00:23:00,23,9
660,1,3,1,,2023-06-05 00:00:00,2023-06-05 00:29:00,29,2
661,1,3,1,,2023-06-18 00:00:00,2023-06-18 00:39:00,39,9
662,1,3,1,,2023-07-02 00:00:00,2023-07-02 00:53:00,53,7
663,1,3,1,,2023-07-16 00:00:00,2023-07-16 00:21:00,21,4
664,1,3,1,,2023-07-26 00:00:00,2023-07-26 00:42:00,42,8
665,1,3,1,,2023-08-07 00:00:00,2023-08-07 00:35:00,35,9
666,1,3,1,,2023-08-20 00:00:00,2023-08-20 00:59:00,59,5
667,1,3,1,,2023-08-30 00:00:00,2023-08-30 00:22:00,22,4
668,1,3,1,,2023-09-11 00:00:00,2023-09-11 00:48:00,48,3
669,1,3,1,,2023-09-25 00:00:00,2023-09-25 00:38:00,38,6
670,1,3,1,,2023-10-09 00:00:00,2023-10-09 00:37:00,37,7
671,1,3,1,,2023-10-23 00:00:00,2023-10-23 00:25:00,25,2
672,1,3,1,,2023-11-06 00:00:00,2023-11-06 00:31:00,31,3
673,1,3,1,,2023-11-16 00:00:00,2023-11-16 00:33:00,33,10
674,1,3,1,,2023-11-27 00:00:00,2023-11-27 00:41:00,41,9
675,1,3,1,,2023-12-09 00:00:00,2023-12-09 00:36:00,36,5
676,1,3,1,,2023-12-19 00:00:00,2023-12-19 00:27:00,27,2
677,1,3,1,,2023-12-31 00:00:00,2023-12-31 00:34:00,34,9
678,1,3,1,,2024-01-11 00:00:00,2024-01-11 00:47:00,47,8
679,1,3,1,,2024-01-22 00:00:00,2024-01-22 00:45:00,45,9
680,1,3,1,,2024-02-03 00:00:00,2024-02-03 00:26:00,26,4
681,1,3,1,,2024-02-15 00:00:00,2024-02-15 00:37:00,37,7
682,1,3,1,,2024-02-27 00:00:00,2024-02-27 00:34:00,34,10
683,1,3,1,,2024-03-12 00:00:00,2024-03-12 00:47:00,47,8
684,1,3,1,,2024-03-22 00:00:00,2024-03-22 00:36:00,36,8
685,1,3,1,,2024-04-02 00:00:00,2024-04-02 00:44:00,44,2
686,1,3,1,,2024-04-16 00:00:00,2024-04-16 00:39:00,39,10
687,1,3,1,,2024-04-29 00:00:00,2024-04-29 00:29:00,29,4
688,1,3,1,,2024-05-09 00:00:00,2024-05-09 00:37:00,37,5
689,1,3,1,,2024-05-20 00:00:00,2024-05-20 00:27:00,27,9
690,1,3,1,,2024-05-30 00:00:00,2024-05-30 00:38:00,38,10
691,1,3,1,,2024-06-13 00:00:00,2024-06-13 00:25:00,25,5
692,1,3,1,,2024-06-24 00:00:00,2024-06-24 00:53:00,53,9
693,1,3,1,,2024-07-06 00:00:00,2024-07-06 00:25:00,25,6
694,1,3,1,,2024-07-16 00:00:00,2024-07-16 00:52:00,52,6
695,1,3,1,,2024-07-30 00:00:00,2024-07-30 00:25:00,25,7
696,1,3,1,,2024-08-12 00:00:00,2024-08-12 00:49:00,49,9
697,1,3,1,,2024-08-22 00:00:00,2024-08-22 00:22:00,22,4
698,1,3,1,,2024-09-05 00:00:00,2024-09-05 00:55:00,55,9
699,1,3,1,,2024-09-16 00:00:00,2024-09-16 00:39:00,39,5
700,1,3,1,,2024-09-26 00:00:00,2024-09-26 00:49:00,49,9
701,1,3,1,,2024-10-08 00:00:00,2024-10-08 00:21:00,21,9
702,1,3,1,,2024-10-19 00:00:00,2024-10-19 00:24:00,24,7
703,1,3,1,,2024-10-30 00:00:00,2024-10-30 00:23:00,23,4
704,1,3,1,,2024-11-12 00:00:00,2024-11-12 00:52:00,52,5
705,1,3,1,,2024-11-22 00:00:00,2024-11-22 00:31:00,31,2
706,1,3,1,,2024-12-03 00:00:00,2024-12-03 00:33:00,33,7
707,1,3,1,,2024-12-17 00:00:00,2024-12-17 00:30:00,30,5
708,1,3,1,,2024-12-31 00:00:00,2024-12-31 00:22:00,22,2
709,1,4,1,,2022-01-12 00:00:00,2022-01-12 00:29:00,29,6
710,1,4,1,,2022-01-23 00:00:00,2022-01-23 00:21:00,21,9
711,1,4,1,,2022-02-03 00:00:00,2022-02-03 00:39:00,39,2
712,1,4,1,,2022-02-17 00:00:00,2022-02-17 00:28:00,28,2
713,1,4,1,,2022-02-27 00:00:00,2022-02-27 00:30:00,30,9
714,1,4,1,,2022-03-11 00:00:00,2022-03-11 00:49:00,49,2
715,1,4,1,,2022-03-25 00:00:00,2022-03-25 00:33:00,33,6
716,1,4,1,,2022-04-06 00:00:00,2022-04-06 00:28:00,28,3
717,1,4,1,,2022-04-19 00:00:00,2022-04-19 00:54:00,54,4
718,1,4,1,,2022-04-29 00:00:00,2022-04-29 00:59:00,59,7
719,1,4,1,,2022-05-12 00:00:00,2022-05-12 00:48:00,48,9
720,1,4,1,,2022-05-24 00:00:00,2022-05-24 00:56:00,56,4
721,1,4,1,,2022-06-07 00:00:00,2022-06-07 00:56:00,56,6
722,1,4,1,,2022-06-19 00:00:00,2022-06-19 00:33:00,33,5
723,1,4,1,,2022-06-29 00:00:00,2022-06-29 00:44:00,44,3
724,1,4,1,,2022-07-11 00:00:00,2022-07-11 00:57:00,57,2
725,1,4,1,,2022-07-21 00:00:00,2022-07-21 00:44:00,44,2
726,1,4,1,,2022-07-31 00:00:00,2022-07-31 00:21:00,21,6
727,1,4,1,,2022-08-12 00:00:00,2022-08-12 00:58:00,58,4
728,1,4,1,,2022-08-24 00:00:00,2022-08-24 00:26:00,26,4
729,1,4,1,,2022-09-04 00:00:00,2022-09-04 00:34:00,34,2
730,1,4,1,,2022-09-17 00:00:00,2022-09-17 00:49:00,49,8
731,1,4,1,,2022-09-29 00:00:00,2022-09-29 00:55:00,55,7
732,1,4,1,,2022-10-09 00:00:00,2022-10-09 00:52:00,52,6
733,1,4,1,,2022-10-21 00:00:00,2022-10-21 00:52:00,52,5
734,1,4,1,,2022-11-01 00:00:00,2022-11-01 00:29:00,29,6
735,1,4,1,,2022-11-13 00:00:00,2022-11-13 00:29:00,29,2
736,1,4,1,,2022-11-27 00:00:00,2022-11-27 00:50:00,50,5
737,1,4,1,,2022-12-11 00:00:00,2022-12-11 00:43:00,43,5
738,1,4,1,,2022-12-25 00:00:00,2022-12-25 00:27:00,27,6
739,1,4,1,,2023-01-08 00:00:00,2023-01-08 00:23:00,23,3
740,1,4,1,,2023-01-20 00:00:00,2023-01-20 00:50:00,50,4
741,1,4,1,,2023-02-01 00:00:00,2023-02-01 00:55:00,55,5
742,1,4,1,,2023-02-12 00:00:00,2023-02-12 00:46:00,46,6
743,1,4,1,,2023-02-25 00:00:00,2023-02-25 00:30:00,30,9
744,1,4,1,,2023-03-08 00:00:00,2023-03-08 00:31:00,31,9
745,1,4,1,,2023-03-19 00:00:00,2023-03-19 00:44:00,44,2
746,1,4,1,,2023-04-01 00:00:00,2023-04-01 00:31:00,31,5
747,1,4,1,,2023-04-14 00:00:00,2023-04-14 00:24:00,24,9
748,1,4,1,,2023-04-28 00:00:00,2023-04-28 00:27:00,27,2
749,1,4,1,,2023-05-11 00:00:00,2023-05-11 00:50:00,50,10
750,1,4,1,,2023-05-23 00:00:00,2023-05-23 00:48:00,48,9
751,1,4,1,,2023-06-02 00:00:00,2023-06-02 00:41:00,41,8
752,1,4,1,,2023-06-12 00:00:00,2023-06-12 00:56:00,56,6
753,1,4,1,,2023-06-23 00:00:00,2023-06-23 00:55:00,55,7
754,1,4,1,,2023-07-03 00:00:00,2023-07-03 00:20:00,20,7
755,1,4,1,,2023-07-15 00:00:00,2023-07-15 00:59:00,59,6
756,1,4,1,,2023-07-25 00:00:00,2023-07-25 00:28:00,28,5
757,1,4,1,,2023-08-04 00:00:00,2023-08-04 00:45:00,45,10
758,1,4,1,,2023-08-16 00:00:00,2023-08-16 00:44:00,44,7
759,1,4,1,,2023-08-27 00:00:00,2023-08-27 00:26:00,26,3
760,1,4,1,,2023-09-08 00:00:00,2023-09-08 00:53:00,53,2
761,1,4,1,,2023-09-20 00:00:00,2023-09-20 00:43:00,43,10
762,1,4,1,,2023-10-03 00:00:00,2023-10-03 00:25:00,25,6
763,1,4,1,,2023-10-13 00:00:00,2023-10-13 00:48:00,48,7
764,1,4,1,,2023-10-24 00:00:00,2023-10-24 00:47:00,47,3
765,1,4,1,,2023-11-07 00:00:00,2023-11-07 00:26:00,26,2
766,1,4,1,,2023-11-20 00:00:00,2023-11-20 00:39:00,39,7
767,1,4,1,,2023-12-03 00:00:00,2023-12-03 00:59:00,59,2
768,1,4,1,,2023-12-13 00:00:00,2023-12-13 00:51:00,51,8
769,1,4,1,,2023-12-25 00:00:00,2023-12-25 00:38:00,38,2
770,1,4,1,,2024-01-08 00:00:00,2024-01-08 00:48:00,48,9
771,1,4,1,,2024-01-20 00:00:00,2024-01-20 00:37:00,37,2
772,1,4,1,,2024-02-01 00:00:00,2024-02-01 00:21:00,21,7
773,1,4,1,,2024-02-14 00:00:00,2024-02-14 00:49:00,49,7
774,1,4,1,,2024-02-26 00:00:00,2024-02-26 00:23:00,23,2
775,1,4,1,,2024-03-11 00:00:00,2024-03-11 00:58:00,58,4
776,1,4,1,,2024-03-22 00:00:00,2024-03-22 00:29:00,29,4
777,1,4,1,,2024-04-02 00:00:00,2024-04-02 00:52:00,52,8
778,1,4,1,,2024-04-15 00:00:00,2024-04-15 00:51:00,51,3
779,1,4,1,,2024-04-29 00:00:00,2024-04-29 00:27:00,27,2
780,1,4,1,,2024-05-09 00:00:00,2024-05-09 00:22:00,22,9
781,1,4,1,,2024-05-21 00:00:00,2024-05-21 00:27:00,27,7
782,1,4,1,,2024-05-31 00:00:00,2024-05-31 00:56:00,56,4
783,1,4,1,,2024-06-12 00:00:00,2024-06-12 00:52:00,52,9
784,1,4,1,,2024-06-23 00:00:00,2024-06-23 00:54:00,54,9
785,1,4,1,,2024-07-05 00:00:00,2024-07-05 00:35:00,35,5
786,1,4,1,,2024-07-18 00:00:00,2024-07-18 00:56:00,56,7
787,1,4,1,,2024-08-01 00:00:00,2024-08-01 00:33:00,33,8
788,1,4,1,,2024-08-12 00:00:00,2024-08-12 00:26:00,26,8
789,1,4,1,,2024-08-22 00:00:00,2024-08-22 00:42:00,42,6
790,1,4,1,,2024-09-03 00:00:00,2024-09-03 00:38:00,38,5
791,1,4,1,,2024-09-17 00:00:00,2024-09-17 00:37:00,37,3
792,1,4,1,,2024-09-27 00:00:00,2024-09-27 00:24:00,24,5
793,1,4,1,,2024-10-09 00:00:00,2024-10-09 00:21:00,21,4
794,1,4,1,,2024-10-22 00:00:00,2024-10-22 00:39:00,39,6
795,1,4,1,,2024-11-05 00:00:00,2024-11-05 00:57:00,57,10
796,1,4,1,,2024-11-16 00:00:00,2024-11-16 00:54:00,54,5
797,1,4,1,,2024-11-27 00:00:00,2024-11-27 00:41:00,41,9
798,1,4,1,,2024-12-07 00:00:00,2024-12-07 00:29:00,29,9
799,1,4,1,,2024-12-19 00:00:00,2024-12-19 00:42:00,42,2
800,1,4,1,,2024-12-30 00:00:00,2024-12-30 00:36:00,36,10
801,1,4,1,,2025-01-10 00:00:00,2025-01-10 00:44:00,44,8
802,2,5,1,,2022-01-11 00:00:00,2022-01-11 00:41:00,41,5
803,2,5,1,,2022-01-22 00:00:00,2022-01-22 00:48:00,48,3
804,2,5,1,,2022-02-05 00:00:00,2022-02-05 00:30:00,30,7
805,2,5,1,,2022-02-16 00:00:00,2022-02-16 00:40:00,40,5
806,2,5,1,,2022-02-26 00:00:00,2022-02-26 00:57:00,57,3
807,2,5,1,,2022-03-08 00:00:00,2022-03-08 00:56:00,56,10
808,2,5,1,,2022-03-19 00:00:00,2022-03-19 00:31:00,31,8
809,2,5,1,,2022-04-02 00:00:00,2022-04-02 00:41:00,41,6
810,2,5,1,,2022-04-14 00:00:00,2022-04-14 00:50:00,50,7
811,2,5,1,,2022-04-26 00:00:00,2022-04-26 00:59:00,59,3
812,2,5,1,,2022-05-09 00:00:00,2022-05-09 00:26:00,26,2
813,2,5,1,,2022-05-20 00:00:00,2022-05-20 00:40:00,40,3
814,2,5,1,,2022-06-02 00:00:00,2022-06-02 00:20:00,20,4
815,2,5,1,,2022-06-16 00:00:00,2022-06-16 00:55:00,55,4
816,2,5,1,,2022-06-27 00:00:00,2022-06-27 00:48:00,48,6
817,2,5,1,,2022-07-09 00:00:00,2022-07-09 00:59:00,59,5
818,2,5,1,,2022-07-19 00:00:00,2022-07-19 00:58:00,58,9
819,2,5,1,,2022-07-31 00:00:00,2022-07-31 00:53:00,53,8
820,2,5,1,,2022-08-14 00:00:00,2022-08-14 00:52:00,52,5
821,2,5,1,,2022-08-27 00:00:00,2022-08-27 00:38:00,38,4
822,2,5,1,,2022-09-09 00:00:00,2022-09-09 00:36:00,36,3
823,2,5,1,,2022-09-19 00:00:00,2022-09-19 00:45:00,45,3
824,2,5,1,,2022-10-03 00:00:00,2022-10-03 00:28:00,28,10
825,2,5,1,,2022-10-13 00:00:00,2022-10-13 00:20:00,20,10
826,2,5,1,,2022-10-27 00:00:00,2022-10-27 00:59:00,59,10
827,2,5,1,,2022-11-08 00:00:00,2022-11-08 00:22:00,22,3
828,2,5,1,,2022-11-22 00:00:00,2022-11-22 00:49:00,49,7
829,2,5,1,,2022-12-03 00:00:00,2022-12-03 00:31:00,31,4
830,2,5,1,,2022-12-17 00:00:00,2022-12-17 00:36:00,36,10
831,2,5,1,,2022-12-27 00:00:00,2022-12-27 00:31:00,31,9
832,2,5,1,,2023-01-08 00:00:00,2023-01-08 00:27:00,27,6
833,2,5,1,,2023-01-18 00:00:00,2023-01-18 00:42:00,42,6
834,2,5,1,,2023-01-28 00:00:00,2023-01-28 00:37:00,37,10
835,2,5,1,,2023-02-10 00:00:00,2023-02-10 00:34:00,34,10
836,2,5,1,,2023-02-24 00:00:00,2023-02-24 00:45:00,45,8
837,2,5,1,,2023-03-06 00:00:00,2023-03-06 00:42:00,42,6
838,2,5,1,,2023-03-17 00:00:00,2023-03-17 00:26:00,26,6
839,2,5,1,,2023-03-27 00:00:00,2023-03-27 00:27:00,27,3
840,2,5,1,,2023-04-08 00:00:00,2023-04-08 00:42:00,42,3
841,2,5,1,,2023-04-21 00:00:00,2023-04-21 00:58:00,58,4
842,2,5,1,,2023-05-02 00:00:00,2023-05-02 00:58:00,58,2
843,2,5,1,,2023-05-14 00:00:00,2023-05-14 00:53:00,53,4
844,2,5,1,,2023-05-28 00:00:00,2023-05-28 00:59:00,59,8
845,2,5,1,,2023-06-10 00:00:00,2023-06-10 00:58:00,58,9
846,2,5,1,,2023-06-20 00:00:00,2023-06-20 00:23:00,23,7
847,2,5,1,,2023-06-30 00:00:00,2023-06-30 00:32:00,32,3
848,2,5,1,,2023-07-10 00:00:00,2023-07-10 00:35:00,35,3
849,2,5,1,,2023-07-22 00:00:00,2023-07-22 00:53:00,53,8
850,2,5,1,,2023-08-05 00:00:00,2023-08-05 00:32:00,32,3
851,2,5,1,,2023-08-17 00:00:00,2023-08-17 00:58:00,58,5
852,2,5,1,,2023-08-31 00:00:00,2023-08-31 00:48:00,48,6
853,2,5,1,,2023-09-13 00:00:00,2023-09-13 00:35:00,35,9
854,2,5,1,,2023-09-26 00:00:00,2023-09-26 00:29:00,29,10
855,2,5,1,,2023-10-09 00:00:00,2023-10-09 00:24:00,24,2
856,2,5,1,,2023-10-19 00:00:00,2023-10-19 00:22:00,22,9
857,2,5,1,,2023-10-30 00:00:00,2023-10-30 00:23:00,23,3
858,2,5,1,,2023-11-13 00:00:00,2023-11-13 00:44:00,44,2
859,2,5,1,,2023-11-27 00:00:00,2023-11-27 00:34:00,34,10
860,2,5,1,,2023-12-07 00:00:00,2023-12-07 00:43:00,43,5
861,2,5,1,,2023-12-20 00:00:00,2023-12-20 00:56:00,56,6
862,2,5,1,,2024-01-01 00:00:00,2024-01-01 00:25:00,25,8
863,2,5,1,,2024-01-13 00:00:00,2024-01-13 00:32:00,32,3
864,2,5,1,,2024-01-23 00:00:00,2024-01-23 00:26:00,26,5
865,2,5,1,,2024-02-05 00:00:00,2024-02-05 00:27:00,27,5
866,2,5,1,,2024-02-19 00:00:00,2024-02-19 00:29:00,29,3
867,2,5,1,,2024-02-29 00:00:00,2024-02-29 00:45:00,45,10
868,2,5,1,,2024-03-10 00:00:00,2024-03-10 00:22:00,22,9
869,2,5,1,,2024-03-24 00:00:00,2024-03-24 00:24:00,24,7
870,2,5,1,,2024-04-03 00:00:00,2024-04-03 00:28:00,28,4
871,2,5,1,,2024-04-16 00:00:00,2024-04-16 00:54:00,54,3
872,2,5,1,,2024-04-27 00:00:00,2024-04-27 00:36:00,36,9
873,2,5,1,,2024-05-09 00:00:00,2024-05-09 00:51:00,51,4
874,2,5,1,,2024-05-23 00:00:00,2024-05-23 00:44:00,44,10
875,2,5,1,,2024-06-05 00:00:00,2024-06-05 00:33:00,33,6
876,2,5,1,,2024-06-16 00:00:00,2024-06-16 00:30:00,30,10
877,2,5,1,,2024-06-28 00:00:00,2024-06-28 00:47:00,47,10
878,2,5,1,,2024-07-10 00:00:00,2024-07-10 00:44:00,44,3
879,2,5,1,,2024-07-23 00:00:00,2024-07-23 00:28:00,28,9
880,2,5,1,,2024-08-02 00:00:00,2024-08-02 00:24:00,24,3
881,2,5,1,,2024-08-15 00:00:00,2024-08-15 00:34:00,34,7
882,2,5,1,,2024-08-27 00:00:00,2024-08-27 00:24:00,24,3
883,2,5,1,,2024-09-10 00:00:00,2024-09-10 00:32:00,32,6
884,2,5,1,,2024-09-24 00:00:00,2024-09-24 00:36:00,36,3
885,2,5,1,,2024-10-08 00:00:00,2024-10-08 00:51:00,51,4
886,2,5,1,,2024-10-19 00:00:00,2024-10-19 00:22:00,22,9
887,2,5,1,,2024-10-30 00:00:00,2024-10-30 00:59:00,59,2
888,2,5,1,,2024-11-11 00:00:00,2024-11-11 00:35:00,35,9
889,2,5,1,,2024-11-24 00:00:00,2024-11-24 00:52:00,52,10
890,2,5,1,,2024-12-08 00:00:00,2024-12-08 00:44:00,44,6
891,2,5,1,,2024-12-19 00:00:00,2024-12-19 00:55:00,55,7
892,2,5,1,,2025-01-01 00:00:00,2025-01-01 00:26:00,26,6
893,2,6,1,,2022-01-13 00:00:00,2022-01-13 00:50:00,50,8
894,2,6,1,,2022-01-24 00:00:00,2022-01-24 00:29:00,29,6
895,2,6,1,,2022-02-04 00:00:00,2022-02-04 00:55:00,55,3
896,2,6,1,,2022-02-18 00:00:00,2022-02-18 00:48:00,48,8
897,2,6,1,,2022-03-01 00:00:00,2022-03-01 00:51:00,51,2
898,2,6,1,,2022-03-11 00:00:00,2022-03-11 00:36:00,36,9
899,2,6,1,,2022-03-22 00:00:00,2022-03-22 00:43:00,43,4
900,2,6,1,,2022-04-03 00:00:00,2022-04-03 00:49:00,49,8
901,2,6,1,,2022-04-14 00:00:00,2022-04-14 00:51:00,51,3
902,2,6,1,,2022-04-27 00:00:00,2022-04-27 00:34:00,34,6
903,2,6,1,,2022-05-11 00:00:00,2022-05-11 00:41:00,41,5
904,2,6,1,,2022-05-24 00:00:00,2022-05-24 00:51:00,51,5
905,2,6,1,,2022-06-04 00:00:00,2022-06-04 00:23:00,23,2
906,2,6,1,,2022-06-17 00:00:00,2022-06-17 00:41:00,41,2
907,2,6,1,,2022-06-28 00:00:00,2022-06-28 00:20:00,20,7
908,2,6,1,,2022-07-09 00:00:00,2022-07-09 00:37:00,37,3
909,2,6,1,,2022-07-23 00:00:00,2022-07-23 00:31:00,31,5
910,2,6,1,,2022-08-04 00:00:00,2022-08-04 00:54:00,54,5
911,2,6,1,,2022-08-18 00:00:00,2022-08-18 00:31:00,31,8
912,2,6,1,,2022-09-01 00:00:00,2022-09-01 00:30:00,30,2
913,2,6,1,,2022-09-13 00:00:00,2022-09-13 00:30:00,30,8
914,2,6,1,,2022-09-24 00:00:00,2022-09-24 00:53:00,53,3
915,2,6,1,,2022-10-08 00:00:00,2022-10-08 00:23:00,23,2
916,2,6,1,,2022-10-20 00:00:00,2022-10-20 00:32:00,32,10
917,2,6,1,,2022-11-03 00:00:00,2022-11-03 00:48:00,48,5
918,2,6,1,,2022-11-14 00:00:00,2022-11-14 00:33:00,33,5
919,2,6,1,,2022-11-26 00:00:00,2022-11-26 00:46:00,46,4
920,2,6,1,,2022-12-06 00:00:00,2022-12-06 00:47:00,47,6
921,2,6,1,,2022-12-20 00:00:00,2022-12-20 00:39:00,39,7
922,2,6,1,,2023-01-01 00:00:00,2023-01-01 00:24:00,24,4
923,2,6,1,,2023-01-13 00:00:00,2023-01-13 00:20:00,20,7
924,2,6,1,,2023-01-24 00:00:00,2023-01-24 00:54:00,54,2
925,2,6,1,,2023-02-03 00:00:00,2023-02-03 00:43:00,43,3
926,2,6,1,,2023-02-16 00:00:00,2023-02-16 00:35:00,35,9
927,2,6,1,,2023-03-01 00:00:00,2023-03-01 00:44:00,44,2
928,2,6,1,,2023-03-15 00:00:00,2023-03-15 00:27:00,27,3
929,2,6,1,,2023-03-28 00:00:00,2023-03-28 00:26:00,26,4
930,2,6,1,,2023-04-11 00:00:00,2023-04-11 00:43:00,43,4
931,2,6,1,,2023-04-24 00:00:00,2023-04-24 00:34:00,34,10
932,2,6,1,,2023-05-04 00:00:00,2023-05-04 00:39:00,39,5
933,2,6,1,,2023-05-14 00:00:00,2023-05-14 00:57:00,57,10
934,2,6,1,,2023-05-27 00:00:00,2023-05-27 00:41:00,41,7
935,2,6,1,,2023-06-10 00:00:00,2023-06-10 00:21:00,21,9
936,2,6,1,,2023-06-22 00:00:00,2023-06-22 00:32:00,32,2
937,2,6,1,,2023-07-06 00:00:00,2023-07-06 00:37:00,37,3
938,2,6,1,,2023-07-18 00:00:00,2023-07-18 00:44:00,44,2
939,2,6,1,,2023-07-31 00:00:00,2023-07-31 00:57:00,57,10
940,2,6,1,,2023-08-12 00:00:00,2023-08-12 00:41:00,41,4
941,2,6,1,,2023-08-22 00:00:00,2023-08-22 00:36:00,36,10
942,2,6,1,,2023-09-04 00:00:00,2023-09-04 00:39:00,39,2
943,2,6,1,,2023-09-15 00:00:00,2023-09-15 00:59:00,59,3
944,2,6,1,,2023-09-28 00:00:00,2023-09-28 00:52:00,52,3
945,2,6,1,,2023-10-08 00:00:00,2023-10-08 00:52:00,52,10
946,2,6,1,,2023-10-22 00:00:00,2023-10-22 00:49:00,49,2
947,2,6,1,,2023-11-05 00:00:00,2023-11-05 00:45:00,45,7
948,2,6,1,,2023-11-16 00:00:00,2023-11-16 00:57:00,57,8
949,2,6,1,,2023-11-27 00:00:00,2023-11-27 00:34:00,34,3
950,2,6,1,,2023-12-08 00:00:00,2023-12-08 00:59:00,59,4
951,2,6,1,,2023-12-20 00:00:00,2023-12-20 00:25:00,25,10
952,2,6,1,,2023-12-30 00:00:00,2023-12-30 00:58:00,58,10
953,2,6,1,,2024-01-10 00:00:00,2024-01-10 00:31:00,31,9
954,2,6,1,,2024-01-21 00:00:00,2024-01-21 00:47:00,47,5
955,2,6,1,,2024-02-02 00:00:00,2024-02-02 00:26:00,26,5
956,2,6,1,,2024-02-15 00:00:00,2024-02-15 00:25:00,25,7
957,2,6,1,,2024-02-26 00:00:00,2024-02-26 00:22:00,22,10
958,2,6,1,,2024-03-10 00:00:00,2024-03-10 00:33:00,33,3
959,2,6,1,,2024-03-23 00:00:00,2024-03-23 00:42:00,42,10
960,2,6,1,,2024-04-06 00:00:00,2024-04-06 00:38:00,38,8
961,2,6,1,,2024-04-19 00:00:00,2024-04-19 00:27:00,27,8
962,2,6,1,,2024-05-03 00:00:00,2024-05-03 00:51:00,51,4
963,2,6,1,,2024-05-16 00:00:00,2024-05-16 00:37:00,37,7
964,2,6,1,,2024-05-27 00:00:00,2024-05-27 00:38:00,38,7
965,2,6,1,,2024-06-10 00:00:00,2024-06-10 00:51:00,51,9
966,2,6,1,,2024-06-20 00:00:00,2024-06-20 00:22:00,22,4
967,2,6,1,,2024-07-02 00:00:00,2024-07-02 00:48:00,48,7
968,2,6,1,,2024-07-12 00:00:00,2024-07-12 00:26:00,26,2
969,2,6,1,,2024-07-26 00:00:00,2024-07-26 00:50:00,50,9
970,2,6,1,,2024-08-08 00:00:00,2024-08-08 00:56:00,56,5
971,2,6,1,,2024-08-21 00:00:00,2024-08-21 00:39:00,39,9
972,2,6,1,,2024-09-01 00:00:00,2024-09-01 00:51:00,51,10
973,2,6,1,,2024-09-14 00:00:00,2024-09-14 00:53:00,53,5
974,2,6,1,,2024-09-25 00:00:00,2024-09-25 00:34:00,34,3
975,2,6,1,,2024-10-08 00:00:00,2024-10-08 00:25:00,25,8
976,2,6,1,,2024-10-19 00:00:00,2024-10-19 00:31:00,31,4
977,2,6,1,,2024-11-02 00:00:00,2024-11-02 00:37:00,37,9
978,2,6,1,,2024-11-16 00:00:00,2024-11-16 00:34:00,34,2
979,2,6,1,,2024-11-28 00:00:00,2024-11-28 00:45:00,45,9
980,2,6,1,,2024-12-11 00:00:00,2024-12-11 00:49:00,49,8
981,2,6,1,,2024-12-22 00:00:00,2024-12-22 00:33:00,33,3
982,2,6,1,,2025-01-05 00:00:00,2025-01-05 00:24:00,24,7
983,2,7,1,,2022-01-15 00:00:00,2022-01-15 00:33:00,33,9
984,2,7,1,,2022-01-25 00:00:00,2022-01-25 00:39:00,39,3
985,2,7,1,,2022-02-04 00:00:00,2022-02-04 00:44:00,44,10
986,2,7,1,,2022-02-17 00:00:00,2022-02-17 00:21:00,21,4
987,2,7,1,,2022-03-03 00:00:00,2022-03-03 00:24:00,24,2
988,2,7,1,,2022-03-16 00:00:00,2022-03-16 00:55:00,55,8
989,2,7,1,,2022-03-28 00:00:00,2022-03-28 00:29:00,29,4
990,2,7,1,,2022-04-08 00:00:00,2022-04-08 00:48:00,48,10
991,2,7,1,,2022-04-18 00:00:00,2022-04-18 00:24:00,24,5
992,2,7,1,,2022-04-30 00:00:00,2022-04-30 00:31:00,31,2
993,2,7,1,,2022-05-10 00:00:00,2022-05-10 00:39:00,39,10
994,2,7,1,,2022-05-22 00:00:00,2022-05-22 00:56:00,56,6
995,2,7,1,,2022-06-04 00:00:00,2022-06-04 00:56:00,56,2
996,2,7,1,,2022-06-14 00:00:00,2022-06-14 00:47:00,47,7
997,2,7,1,,2022-06-27 00:00:00,2022-06-27 00:39:00,39,3
998,2,7,1,,2022-07-08 00:00:00,2022-07-08 00:28:00,28,6
999,2,7,1,,2022-07-21 00:00:00,2022-07-21 00:45:00,45,2
1000,2,7,1,,2022-08-02 00:00:00,2022-08-02 00:25:00,25,6
1001,2,7,1,,2022-08-16 00:00:00,2022-08-16 00:24:00,24,2
1002,2,7,1,,2022-08-26 00:00:00,2022-08-26 00:33:00,33,5
1003,2,7,1,,2022-09-09 00:00:00,2022-09-09 00:43:00,43,3
1004,2,7,1,,2022-09-19 00:00:00,2022-09-19 00:48:00,48,10
1005,2,7,1,,2022-10-01 00:00:00,2022-10-01 00:42:00,42,7
1006,2,7,1,,2022-10-14 00:00:00,2022-10-14 00:42:00,42,5
1007,2,7,1,,2022-10-25 00:00:00,2022-10-25 00:27:00,27,3
1008,2,7,1,,2022-11-08 00:00:00,2022-11-08 00:20:00,20,8
1009,2,7,1,,2022-11-22 00:00:00,2022-11-22 00:51:00,51,7
1010,2,7,1,,2022-12-06 00:00:00,2022-12-06 00:41:00,41,3
1011,2,7,1,,2022-12-16 00:00:00,2022-12-16 00:45:00,45,3
1012,2,7,1,,2022-12-27 00:00:00,2022-12-27 00:36:00,36,9
1013,2,7,1,,2023-01-06 00:00:00,2023-01-06 00:31:00,31,9
1014,2,7,1,,2023-01-16 00:00:00,2023-01-16 00:23:00,23,2
1015,2,7,1,,2023-01-26 00:00:00,2023-01-26 00:38:00,38,6
1016,2,7,1,,2023-02-09 00:00:00,2023-02-09 00:45:00,45,3
1017,2,7,1,,2023-02-20 00:00:00,2023-02-20 00:25:00,25,10
1018,2,7,1,,2023-03-02 00:00:00,2023-03-02 00:44:00,44,10
1019,2,7,1,,2023-03-16 00:00:00,2023-03-16 00:32:00,32,10
1020,2,7,1,,2023-03-28 00:00:00,2023-03-28 00:23:00,23,3
1021,2,7,1,,2023-04-11 00:00:00,2023-04-11 00:57:00,57,5
1022,2,7,1,,2023-04-23 00:00:00,2023-04-23 00:25:00,25,3
1023,2,7,1,,2023-05-04 00:00:00,2023-05-04 00:32:00,32,10
1024,2,7,1,,2023-05-16 00:00:00,2023-05-16 00:30:00,30,2
1025,2,7,1,,2023-05-26 00:00:00,2023-05-26 00:40:00,40,2
1026,2,7,1,,2023-06-08 00:00:00,2023-06-08 00:26:00,26,6
1027,2,7,1,,2023-06-20 00:00:00,2023-06-20 00:48:00,48,10
1028,2,7,1,,2023-06-30 00:00:00,2023-06-30 00:51:00,51,2
1029,2,7,1,,2023-07-12 00:00:00,2023-07-12 00:57:00,57,4
1030,2,7,1,,2023-07-23 00:00:00,2023-07-23 00:21:00,21,10
1031,2,7,1,,2023-08-04 00:00:00,2023-08-04 00:40:00,40,9
1032,2,7,1,,2023-08-15 00:00:00,2023-08-15 00:25:00,25,6
1033,2,7,1,,2023-08-29 00:00:00,2023-08-29 00:45:00,45,10
1034,2,7,1,,2023-09-11 00:00:00,2023-09-11 00:24:00,24,3
1035,2,7,1,,2023-09-25 00:00:00,2023-09-25 00:34:00,34,5
1036,2,7,1,,2023-10-07 00:00:00,2023-10-07 00:42:00,42,7
1037,2,7,1,,2023-10-18 00:00:00,2023-10-18 00:40:00,40,8
1038,2,7,1,,2023-10-30 00:00:00,2023-10-30 00:35:00,35,6
1039,2,7,1,,2023-11-12 00:00:00,2023-11-12 00:34:00,34,10
1040,2,7,1,,2023-11-25 00:00:00,2023-11-25 00:30:00,30,4
1041,2,7,1,,2023-12-08 00:00:00,2023-12-08 00:40:00,40,7
1042,2,7,1,,2023-12-20 00:00:00,2023-12-20 00:53:00,53,5
1043,2,7,1,,2024-01-03 00:00:00,2024-01-03 00:46:00,46,4
1044,2,7,1,,2024-01-14 00:00:00,2024-01-14 00:55:00,55,3
1045,2,7,1,,2024-01-25 00:00:00,2024-01-25 00:32:00,32,5
1046,2,7,1,,2024-02-05 00:00:00,2024-02-05 00:44:00,44,8
1047,2,7,1,,2024-02-18 00:00:00,2024-02-18 00:29:00,29,8
1048,2,7,1,,2024-03-03 00:00:00,2024-03-03 00:50:00,50,8
1049,2,7,1,,2024-03-13 00:00:00,2024-03-13 00:55:00,55,5
1050,2,7,1,,2024-03-26 00:00:00,2024-03-26 00:26:00,26,7
1051,2,7,1,,2024-04-05 00:00:00,2024-04-05 00:32:00,32,8
1052,2,7,1,,2024-04-19 00:00:00,2024-04-19 00:41:00,41,10
1053,2,7,1,,2024-04-30 00:00:00,2024-04-30 00:28:00,28,9
1054,2,7,1,,2024-05-11 00:00:00,2024-05-11 00:27:00,27,9
1055,2,7,1,,2024-05-21 00:00:00,2024-05-21 00:45:00,45,6
1056,2,7,1,,2024-06-03 00:00:00,2024-06-03 00:43:00,43,4
1057,2,7,1,,2024-06-16 00:00:00,2024-06-16 00:58:00,58,10
1058,2,7,1,,2024-06-27 00:00:00,2024-06-27 00:38:00,38,5
1059,2,7,1,,2024-07-08 00:00:00,2024-07-08 00:52:00,52,8
1060,2,7,1,,2024-07-19 00:00:00,2024-07-19 00:24:00,24,2
1061,2,7,1,,2024-07-31 00:00:00,2024-07-31 00:53:00,53,2
1062,2,7,1,,2024-08-14 00:00:00,2024-08-14 00:36:00,36,7
1063,2,7,1,,2024-08-28 00:00:00,2024-08-28 00:34:00,34,4
1064,2,7,1,,2024-09-10 00:00:00,2024-09-10 00:26:00,26,10
1065,2,7,1,,2024-09-24 00:00:00,2024-09-24 00:44:00,44,3
1066,2,7,1,,2024-10-06 00:00:00,2024-10-06 00:26:00,26,6
1067,2,7,1,,2024-10-17 00:00:00,2024-10-17 00:22:00,22,7
1068,2,7,1,,2024-10-31 00:00:00,2024-10-31 00:58:00,58,10
1069,2,7,1,,2024-11-10 00:00:00,2024-11-10 00:30:00,30,8
1070,2,7,1,,2024-11-23 00:00:00,2024-11-23 00:38:00,38,5
1071,2,7,1,,2024-12-04 00:00:00,2024-12-04 00:57:00,57,8
1072,2,7,1,,2024-12-18 00:00:00,2024-12-18 00:55:00,55,9
1073,2,7,1,,2025-01-01 00:00:00,2025-01-01 00:52:00,52,5
1074,2,8,1,,2022-01-13 00:00:00,2022-01-13 00:28:00,28,9
1075,2,8,1,,2022-01-23 00:00:00,2022-01-23 00:25:00,25,10
1076,2,8,1,,2022-02-05 00:00:00,2022-02-05 00:32:00,32,2
1077,2,8,1,,2022-02-18 00:00:00,2022-02-18 00:21:00,21,6
1078,2,8,1,,2022-03-03 00:00:00,2022-03-03 00:46:00,46,6
1079,2,8,1,,2022-03-14 00:00:00,2022-03-14 00:22:00,22,7
1080,2,8,1,,2022-03-27 00:00:00,2022-03-27 00:22:00,22,7
1081,2,8,1,,2022-04-07 00:00:00,2022-04-07 00:42:00,42,3
1082,2,8,1,,2022-04-17 00:00:00,2022-04-17 00:54:00,54,3
1083,2,8,1,,2022-04-30 00:00:00,2022-04-30 00:27:00,27,7
1084,2,8,1,,2022-05-13 00:00:00,2022-05-13 00:55:00,55,6
1085,2,8,1,,2022-05-27 00:00:00,2022-05-27 00:48:00,48,10
1086,2,8,1,,2022-06-07 00:00:00,2022-06-07 00:49:00,49,10
1087,2,8,1,,2022-06-20 00:00:00,2022-06-20 00:36:00,36,9
1088,2,8,1,,2022-07-03 00:00:00,2022-07-03 00:22:00,22,8
1089,2,8,1,,2022-07-16 00:00:00,2022-07-16 00:59:00,59,7
1090,2,8,1,,2022-07-30 00:00:00,2022-07-30 00:39:00,39,9
1091,2,8,1,,2022-08-12 00:00:00,2022-08-12 00:20:00,20,10
1092,2,8,1,,2022-08-26 00:00:00,2022-08-26 00:39:00,39,7
1093,2,8,1,,2022-09-06 00:00:00,2022-09-06 00:27:00,27,8
1094,2,8,1,,2022-09-16 00:00:00,2022-09-16 00:35:00,35,7
1095,2,8,1,,2022-09-29 00:00:00,2022-09-29 00:53:00,53,5
1096,2,8,1,,2022-10-09 00:00:00,2022-10-09 00:42:00,42,3
1097,2,8,1,,2022-10-23 00:00:00,2022-10-23 00:21:00,21,10
1098,2,8,1,,2022-11-06 00:00:00,2022-11-06 00:21:00,21,10
1099,2,8,1,,2022-11-16 00:00:00,2022-11-16 00:20:00,20,4
1100,2,8,1,,2022-11-29 00:00:00,2022-11-29 00:42:00,42,5
1101,2,8,1,,2022-12-10 00:00:00,2022-12-10 00:25:00,25,4
1102,2,8,1,,2022-12-22 00:00:00,2022-12-22 00:34:00,34,7
1103,2,8,1,,2023-01-04 00:00:00,2023-01-04 00:56:00,56,5
1104,2,8,1,,2023-01-15 00:00:00,2023-01-15 00:31:00,31,2
1105,2,8,1,,2023-01-26 00:00:00,2023-01-26 00:57:00,57,3
1106,2,8,1,,2023-02-09 00:00:00,2023-02-09 00:54:00,54,9
1107,2,8,1,,2023-02-20 00:00:00,2023-02-20 00:49:00,49,7
1108,2,8,1,,2023-03-04 00:00:00,2023-03-04 00:35:00,35,8
1109,2,8,1,,2023-03-17 00:00:00,2023-03-17 00:33:00,33,10
1110,2,8,1,,2023-03-31 00:00:00,2023-03-31 00:54:00,54,3
1111,2,8,1,,2023-04-12 00:00:00,2023-04-12 00:21:00,21,4
1112,2,8,1,,2023-04-23 00:00:00,2023-04-23 00:33:00,33,5
1113,2,8,1,,2023-05-04 00:00:00,2023-05-04 00:29:00,29,10
1114,2,8,1,,2023-05-15 00:00:00,2023-05-15 00:44:00,44,7
1115,2,8,1,,2023-05-25 00:00:00,2023-05-25 00:55:00,55,2
1116,2,8,1,,2023-06-08 00:00:00,2023-06-08 00:22:00,22,4
1117,2,8,1,,2023-06-18 00:00:00,2023-06-18 00:25:00,25,10
1118,2,8,1,,2023-07-02 00:00:00,2023-07-02 00:53:00,53,9
1119,2,8,1,,2023-07-16 00:00:00,2023-07-16 00:53:00,53,5
1120,2,8,1,,2023-07-26 00:00:00,2023-07-26 00:34:00,34,5
1121,2,8,1,,2023-08-09 00:00:00,2023-08-09 00:31:00,31,5
1122,2,8,1,,2023-08-20 00:00:00,2023-08-20 00:48:00,48,7
1123,2,8,1,,2023-09-03 00:00:00,2023-09-03 00:21:00,21,8
1124,2,8,1,,2023-09-15 00:00:00,2023-09-15 00:50:00,50,4
1125,2,8,1,,2023-09-29 00:00:00,2023-09-29 00:38:00,38,3
1126,2,8,1,,2023-10-10 00:00:00,2023-10-10 00:44:00,44,3
1127,2,8,1,,2023-10-22 00:00:00,2023-10-22 00:50:00,50,9
1128,2,8,1,,2023-11-01 00:00:00,2023-11-01 00:42:00,42,4
1129,2,8,1,,2023-11-11 00:00:00,2023-11-11 00:54:00,54,6
1130,2,8,1,,2023-11-21 00:00:00,2023-11-21 00:47:00,47,4
1131,2,8,1,,2023-12-04 00:00:00,2023-12-04 00:52:00,52,5
1132,2,8,1,,2023-12-17 00:00:00,2023-12-17 00:58:00,58,9
1133,2,8,1,,2023-12-27 00:00:00,2023-12-27 00:56:00,56,8
1134,2,8,1,,2024-01-09 00:00:00,2024-01-09 00:48:00,48,5
1135,2,8,1,,2024-01-22 00:00:00,2024-01-22 00:57:00,57,8
1136,2,8,1,,2024-02-02 00:00:00,2024-02-02 00:56:00,56,5
1137,2,8,1,,2024-02-16 00:00:00,2024-02-16 00:54:00,54,8
1138,2,8,1,,2024-02-28 00:00:00,2024-02-28 00:47:00,47,7
1139,2,8,1,,2024-03-13 00:00:00,2024-03-13 00:41:00,41,6
1140,2,8,1,,2024-03-24 00:00:00,2024-03-24 00:46:00,46,6
1141,2,8,1,,2024-04-07 00:00:00,2024-04-07 00:29:00,29,8
1142,2,8,1,,2024-04-18 00:00:00,2024-04-18 00:58:00,58,6
1143,2,8,1,,2024-04-28 00:00:00,2024-04-28 00:32:00,32,6
1144,2,8,1,,2024-05-09 00:00:00,2024-05-09 00:40:00,40,6
1145,2,8,1,,2024-05-20 00:00:00,2024-05-20 00:56:00,56,5
1146,2,8,1,,2024-05-30 00:00:00,2024-05-30 00:54:00,54,2
1147,2,8,1,,2024-06-12 00:00:00,2024-06-12 00:30:00,30,6
1148,2,8,1,,2024-06-25 00:00:00,2024-06-25 00:45:00,45,5
1149,2,8,1,,2024-07-06 00:00:00,2024-07-06 00:37:00,37,9
1150,2,8,1,,2024-07-18 00:00:00,2024-07-18 00:48:00,48,5
1151,2,8,1,,2024-08-01 00:00:00,2024-08-01 00:57:00,57,6
1152,2,8,1,,2024-08-12 00:00:00,2024-08-12 00:32:00,32,2
1153,2,8,1,,2024-08-22 00:00:00,2024-08-22 00:36:00,36,9
1154,2,8,1,,2024-09-01 00:00:00,2024-09-01 00:20:00,20,3
1155,2,8,1,,2024-09-14 00:00:00,2024-09-14 00:48:00,48,2
1156,2,8,1,,2024-09-25 00:00:00,2024-09-25 00:59:00,59,6
1157,2,8,1,,2024-10-08 00:00:00,2024-10-08 00:30:00,30,8
1158,2,8,1,,2024-10-19 00:00:00,2024-10-19 00:27:00,27,7
1159,2,8,1,,2024-10-29 00:00:00,2024-10-29 00:34:00,34,2
1160,2,8,1,,2024-11-11 00:00:00,2024-11-11 00:42:00,42,9
1161,2,8,1,,2024-11-25 00:00:00,2024-11-25 00:38:00,38,6
1162,2,8,1,,2024-12-08 00:00:00,2024-12-08 00:20:00,20,8
1163,2,8,1,,2024-12-22 00:00:00,2024-12-22 00:27:00,27,9
1164,2,8,1,,2025-01-01 00:00:00,2025-01-01 00:42:00,42,2
1165,3,9,1,,2022-01-15 00:00:00,2022-01-15 00:43:00,43,4
1166,3,9,1,,2022-01-25 00:00:00,2022-01-25 00:24:00,24,5
1167,3,9,1,,2022-02-08 00:00:00,2022-02-08 00:59:00,59,5
1168,3,9,1,,2022-02-20 00:00:00,2022-02-20 00:34:00,34,4
1169,3,9,1,,2022-03-04 00:00:00,2022-03-04 00:47:00,47,4
1170,3,9,1,,2022-03-16 00:00:00,2022-03-16 00:24:00,24,6
1171,3,9,1,,2022-03-27 00:00:00,2022-03-27 00:57:00,57,2
1172,3,9,1,,2022-04-06 00:00:00,2022-04-06 00:28:00,28,3
1173,3,9,1,,2022-04-17 00:00:00,2022-04-17 00:22:00,22,2
1174,3,9,1,,2022-04-30 00:00:00,2022-04-30 00:23:00,23,10
1175,3,9,1,,2022-05-10 00:00:00,2022-05-10 00:44:00,44,8
1176,3,9,1,,2022-05-21 00:00:00,2022-05-21 00:29:00,29,6
1177,3,9,1,,2022-06-03 00:00:00,2022-06-03 00:31:00,31,9
1178,3,9,1,,2022-06-14 00:00:00,2022-06-14 00:32:00,32,6
1179,3,9,1,,2022-06-27 00:00:00,2022-06-27 00:53:00,53,2
1180,3,9,1,,2022-07-08 00:00:00,2022-07-08 00:28:00,28,10
1181,3,9,1,,2022-07-20 00:00:00,2022-07-20 00:33:00,33,10
1182,3,9,1,,2022-07-31 00:00:00,2022-07-31 00:41:00,41,5
1183,3,9,1,,2022-08-13 00:00:00,2022-08-13 00:40:00,40,4
1184,3,9,1,,2022-08-23 00:00:00,2022-08-23 00:40:00,40,4
1185,3,9,1,,2022-09-03 00:00:00,2022-09-03 00:51:00,51,8
1186,3,9,1,,2022-09-13 00:00:00,2022-09-13 00:31:00,31,10
1187,3,9,1,,2022-09-24 00:00:00,2022-09-24 00:40:00,40,6
1188,3,9,1,,2022-10-07 00:00:00,2022-10-07 00:51:00,51,7
1189,3,9,1,,2022-10-19 00:00:00,2022-10-19 00:44:00,44,7
1190,3,9,1,,2022-11-01 00:00:00,2022-11-01 00:48:00,48,3
1191,3,9,1,,2022-11-12 00:00:00,2022-11-12 00:48:00,48,6
1192,3,9,1,,2022-11-25 00:00:00,2022-11-25 00:46:00,46,3
1193,3,9,1,,2022-12-07 00:00:00,2022-12-07 00:42:00,42,9
1194,3,9,1,,2022-12-20 00:00:00,2022-12-20 00:32:00,32,7
1195,3,9,1,,2023-01-01 00:00:00,2023-01-01 00:56:00,56,2
1196,3,9,1,,2023-01-13 00:00:00,2023-01-13 00:38:00,38,8
1197,3,9,1,,2023-01-27 00:00:00,2023-01-27 00:49:00,49,8
1198,3,9,1,,2023-02-09 00:00:00,2023-02-09 00:44:00,44,6
1199,3,9,1,,2023-02-20 00:00:00,2023-02-20 00:35:00,35,9
1200,3,9,1,,2023-03-02 00:00:00,2023-03-02 00:24:00,24,4
1201,3,9,1,,2023-03-12 00:00:00,2023-03-12 00:23:00,23,9
1202,3,9,1,,2023-03-24 00:00:00,2023-03-24 00:51:00,51,3
1203,3,9,1,,2023-04-05 00:00:00,2023-04-05 00:44:00,44,6
1204,3,9,1,,2023-04-17 00:00:00,2023-04-17 00:46:00,46,3
1205,3,9,1,,2023-04-27 00:00:00,2023-04-27 00:32:00,32,10
1206,3,9,1,,2023-05-10 00:00:00,2023-05-10 00:55:00,55,7
1207,3,9,1,,2023-05-21 00:00:00,2023-05-21 00:45:00,45,7
1208,3,9,1,,2023-06-03 00:00:00,2023-06-03 00:36:00,36,10
1209,3,9,1,,2023-06-14 00:00:00,2023-06-14 00:39:00,39,4
1210,3,9,1,,2023-06-26 00:00:00,2023-06-26 00:56:00,56,5
1211,3,9,1,,2023-07-10 00:00:00,2023-07-10 00:23:00,23,5
1212,3,9,1,,2023-07-21 00:00:00,2023-07-21 00:43:00,43,7
1213,3,9,1,,2023-08-02 00:00:00,2023-08-02 00:45:00,45,6
1214,3,9,1,,2023-08-16 00:00:00,2023-08-16 00:59:00,59,8
1215,3,9,1,,2023-08-30 00:00:00,2023-08-30 00:29:00,29,7
1216,3,9,1,,2023-09-12 00:00:00,2023-09-12 00:39:00,39,2
1217,3,9,1,,2023-09-25 00:00:00,2023-09-25 00:48:00,48,4
1218,3,9,1,,2023-10-09 00:00:00,2023-10-09 00:35:00,35,8
1219,3,9,1,,2023-10-22 00:00:00,2023-10-22 00:23:00,23,9
1220,3,9,1,,2023-11-02 00:00:00,2023-11-02 00:49:00,49,3
1221,3,9,1,,2023-11-14 00:00:00,2023-11-14 00:50:00,50,4
1222,3,9,1,,2023-11-24 00:00:00,2023-11-24 00:38:00,38,7
1223,3,9,1,,2023-12-08 00:00:00,2023-12-08 00:31:00,31,7
1224,3,9,1,,2023-12-22 00:00:00,2023-12-22 00:50:00,50,5
1225,3,9,1,,2024-01-03 00:00:00,2024-01-03 00:55:00,55,8
1226,3,9,1,,2024-01-13 00:00:00,2024-01-13 00:52:00,52,3
1227,3,9,1,,2024-01-26 00:00:00,2024-01-26 00:47:00,47,10
1228,3,9,1,,2024-02-08 00:00:00,2024-02-08 00:52:00,52,2
1229,3,9,1,,2024-02-21 00:00:00,2024-02-21 00:39:00,39,7
1230,3,9,1,,2024-03-05 00:00:00,2024-03-05 00:30:00,30,8
1231,3,9,1,,2024-03-15 00:00:00,2024-03-15 00:45:00,45,6
1232,3,9,1,,2024-03-25 00:00:00,2024-03-25 00:29:00,29,3
1233,3,9,1,,2024-04-06 00:00:00,2024-04-06 00:32:00,32,2
1234,3,9,1,,2024-04-20 00:00:00,2024-04-20 00:25:00,25,2
1235,3,9,1,,2024-05-02 00:00:00,2024-05-02 00:38:00,38,4
1236,3,9,1,,2024-05-13 00:00:00,2024-05-13 00:24:00,24,6
1237,3,9,1,,2024-05-26 00:00:00,2024-05-26 00:40:00,40,6
1238,3,9,1,,2024-06-08 00:00:00,2024-06-08 00:25:00,25,5
1239,3,9,1,,2024-06-19 00:00:00,2024-06-19 00:54:00,54,2
1240,3,9,1,,2024-06-29 00:00:00,2024-06-29 00:55:00,55,7
1241,3,9,1,,2024-07-09 00:00:00,2024-07-09 00:50:00,50,5
1242,3,9,1,,2024-07-19 00:00:00,2024-07-19 00:55:00,55,6
1243,3,9,1,,2024-08-01 00:00:00,2024-08-01 00:49:00,49,7
1244,3,9,1,,2024-08-14 00:00:00,2024-08-14 00:26:00,26,4
1245,3,9,1,,2024-08-27 00:00:00,2024-08-27 00:33:00,33,9
1246,3,9,1,,2024-09-07 00:00:00,2024-09-07 00:35:00,35,7
1247,3,9,1,,2024-09-18 00:00:00,2024-09-18 00:44:00,44,7
1248,3,9,1,,2024-10-01 00:00:00,2024-10-01 00:28:00,28,5
1249,3,9,1,,2024-10-13 00:00:00,2024-10-13 00:39:00,39,3
1250,3,9,1,,2024-10-24 00:00:00,2024-10-24 00:40:00,40,5
1251,3,9,1,,2024-11-04 00:00:00,2024-11-04 00:52:00,52,8
1252,3,9,1,,2024-11-15 00:00:00,2024-11-15 00:51:00,51,9
1253,3,9,1,,2024-11-27 00:00:00,2024-11-27 00:39:00,39,9
1254,3,9,1,,2024-12-11 00:00:00,2024-12-11 00:45:00,45,9
1255,3,9,1,,2024-12-21 00:00:00,2024-12-21 00:56:00,56,6
1256,3,9,1,,2025-01-01 00:00:00,2025-01-01 00:24:00,24,4
1257,3,10,1,,2022-01-12 00:00:00,2022-01-12 00:56:00,56,9
1258,3,10,1,,2022-01-22 00:00:00,2022-01-22 00:38:00,38,4
1259,3,10,1,,2022-02-01 00:00:00,2022-02-01 00:40:00,40,10
1260,3,10,1,,2022-02-15 00:00:00,2022-02-15 00:52:00,52,3
1261,3,10,1,,2022-03-01 00:00:00,2022-03-01 00:23:00,23,10
1262,3,10,1,,2022-03-11 00:00:00,2022-03-11 00:36:00,36,9
1263,3,10,1,,2022-03-25 00:00:00,2022-03-25 00:53:00,53,10
1264,3,10,1,,2022-04-04 00:00:00,2022-04-04 00:36:00,36,3
1265,3,10,1,,2022-04-15 00:00:00,2022-04-15 00:20:00,20,6
1266,3,10,1,,2022-04-29 00:00:00,2022-04-29 00:21:00,21,7
1267,3,10,1,,2022-05-09 00:00:00,2022-05-09 00:21:00,21,3
1268,3,10,1,,2022-05-21 00:00:00,2022-05-21 00:58:00,58,7
1269,3,10,1,,2022-06-03 00:00:00,2022-06-03 00:43:00,43,9
1270,3,10,1,,2022-06-16 00:00:00,2022-06-16 00:29:00,29,4
1271,3,10,1,,2022-06-28 00:00:00,2022-06-28 00:51:00,51,8
1272,3,10,1,,2022-07-12 00:00:00,2022-07-12 00:39:00,39,5
1273,3,10,1,,2022-07-25 00:00:00,2022-07-25 00:41:00,41,9
1274,3,10,1,,2022-08-08 00:00:00,2022-08-08 00:34:00,34,7
1275,3,10,1,,2022-08-21 00:00:00,2022-08-21 00:47:00,47,10
1276,3,10,1,,2022-09-01 00:00:00,2022-09-01 00:47:00,47,2
1277,3,10,1,,2022-09-12 00:00:00,2022-09-12 00:44:00,44,9
1278,3,10,1,,2022-09-24 00:00:00,2022-09-24 00:27:00,27,2
1279,3,10,1,,2022-10-05 00:00:00,2022-10-05 00:54:00,54,7
1280,3,10,1,,2022-10-18 00:00:00,2022-10-18 00:42:00,42,10
1281,3,10,1,,2022-10-30 00:00:00,2022-10-30 00:38:00,38,6
1282,3,10,1,,2022-11-11 00:00:00,2022-11-11 00:30:00,30,9
1283,3,10,1,,2022-11-24 00:00:00,2022-11-24 00:29:00,29,9
1284,3,10,1,,2022-12-07 00:00:00,2022-12-07 00:47:00,47,10
1285,3,10,1,,2022-12-20 00:00:00,2022-12-20 00:56:00,56,6
1286,3,10,1,,2022-12-30 00:00:00,2022-12-30 00:34:00,34,9
1287,3,10,1,,2023-01-10 00:00:00,2023-01-10 00:39:00,39,7
1288,3,10,1,,2023-01-23 00:00:00,2023-01-23 00:21:00,21,8
1289,3,10,1,,2023-02-04 00:00:00,2023-02-04 00:22:00,22,3
1290,3,10,1,,2023-02-16 00:00:00,2023-02-16 00:59:00,59,7
1291,3,10,1,,2023-02-26 00:00:00,2023-02-26 00:47:00,47,2
1292,3,10,1,,2023-03-12 00:00:00,2023-03-12 00:51:00,51,6
1293,3,10,1,,2023-03-25 00:00:00,2023-03-25 00:49:00,49,7
1294,3,10,1,,2023-04-06 00:00:00,2023-04-06 00:51:00,51,10
1295,3,10,1,,2023-04-19 00:00:00,2023-04-19 00:30:00,30,8
1296,3,10,1,,2023-04-29 00:00:00,2023-04-29 00:40:00,40,3
1297,3,10,1,,2023-05-12 00:00:00,2023-05-12 00:47:00,47,7
1298,3,10,1,,2023-05-23 00:00:00,2023-05-23 00:50:00,50,8
1299,3,10,1,,2023-06-04 00:00:00,2023-06-04 00:24:00,24,10
1300,3,10,1,,2023-06-16 00:00:00,2023-06-16 00:52:00,52,5
1301,3,10,1,,2023-06-26 00:00:00,2023-06-26 00:39:00,39,3
1302,3,10,1,,2023-07-07 00:00:00,2023-07-07 00:24:00,24,4
1303,3,10,1,,2023-07-21 00:00:00,2023-07-21 00:47:00,47,10
1304,3,10,1,,2023-08-03 00:00:00,2023-08-03 00:57:00,57,3
1305,3,10,1,,2023-08-15 00:00:00,2023-08-15 00:30:00,30,3
1306,3,10,1,,2023-08-28 00:00:00,2023-08-28 00:28:00,28,6
1307,3,10,1,,2023-09-08 00:00:00,2023-09-08 00:41:00,41,4
1308,3,10,1,,2023-09-21 00:00:00,2023-09-21 00:47:00,47,6
1309,3,10,1,,2023-10-04 00:00:00,2023-10-04 00:45:00,45,2
1310,3,10,1,,2023-10-18 00:00:00,2023-10-18 00:54:00,54,5
1311,3,10,1,,2023-10-29 00:00:00,2023-10-29 00:37:00,37,10
1312,3,10,1,,2023-11-08 00:00:00,2023-11-08 00:24:00,24,4
1313,3,10,1,,2023-11-18 00:00:00,2023-11-18 00:39:00,39,3
1314,3,10,1,,2023-11-29 00:00:00,2023-11-29 00:54:00,54,9
1315,3,10,1,,2023-12-12 00:00:00,2023-12-12 00:58:00,58,7
1316,3,10,1,,2023-12-22 00:00:00,2023-12-22 00:39:00,39,2
1317,3,10,1,,2024-01-03 00:00:00,2024-01-03 00:23:00,23,10
1318,3,10,1,,2024-01-17 00:00:00,2024-01-17 00:54:00,54,10
1319,3,10,1,,2024-01-31 00:00:00,2024-01-31 00:33:00,33,5
1320,3,10,1,,2024-02-13 00:00:00,2024-02-13 00:36:00,36,8
1321,3,10,1,,2024-02-23 00:00:00,2024-02-23 00:54:00,54,3
1322,3,10,1,,2024-03-06 00:00:00,2024-03-06 00:52:00,52,7
1323,3,10,1,,2024-03-18 00:00:00,2024-03-18 00:46:00,46,8
1324,3,10,1,,2024-03-30 00:00:00,2024-03-30 00:46:00,46,3
1325,3,10,1,,2024-04-12 00:00:00,2024-04-12 00:27:00,27,4
1326,3,10,1,,2024-04-24 00:00:00,2024-04-24 00:49:00,49,5
1327,3,10,1,,2024-05-04 00:00:00,2024-05-04 00:44:00,44,9
1328,3,10,1,,2024-05-15 00:00:00,2024-05-15 00:57:00,57,8
1329,3,10,1,,2024-05-25 00:00:00,2024-05-25 00:38:00,38,4
1330,3,10,1,,2024-06-06 00:00:00,2024-06-06 00:38:00,38,10
1331,3,10,1,,2024-06-19 00:00:00,2024-06-19 00:39:00,39,8
1332,3,10,1,,2024-06-29 00:00:00,2024-06-29 00:38:00,38,5
1333,3,10,1,,2024-07-13 00:00:00,2024-07-13 00:55:00,55,9
1334,3,10,1,,2024-07-23 00:00:00,2024-07-23 00:49:00,49,10
1335,3,10,1,,2024-08-02 00:00:00,2024-08-02 00:44:00,44,6
1336,3,10,1,,2024-08-14 00:00:00,2024-08-14 00:33:00,33,10
1337,3,10,1,,2024-08-27 00:00:00,2024-08-27 00:23:00,23,9
1338,3,10,1,,2024-09-07 00:00:00,2024-09-07 00:41:00,41,10
1339,3,10,1,,2024-09-21 00:00:00,2024-09-21 00:49:00,49,4
1340,3,10,1,,2024-10-03 00:00:00,2024-10-03 00:40:00,40,6
1341,3,10,1,,2024-10-17 00:00:00,2024-10-17 00:39:00,39,6
1342,3,10,1,,2024-10-29 00:00:00,2024-10-29 00:52:00,52,6
1343,3,10,1,,2024-11-12 00:00:00,2024-11-12 00:28:00,28,10
1344,3,10,1,,2024-11-25 00:00:00,2024-11-25 00:54:00,54,2
1345,3,10,1,,2024-12-06 00:00:00,2024-12-06 00:43:00,43,2
1346,3,10,1,,2024-12-20 00:00:00,2024-12-20 00:42:00,42,9
1347,3,10,1,,2025-01-02 00:00:00,2025-01-02 00:31:00,31,10
1348,3,11,1,,2022-01-13 00:00:00,2022-01-13 00:45:00,45,5
1349,3,11,1,,2022-01-27 00:00:00,2022-01-27 00:41:00,41,9
1350,3,11,1,,2022-02-10 00:00:00,2022-02-10 00:57:00,57,5
1351,3,11,1,,2022-02-20 00:00:00,2022-02-20 00:48:00,48,4
1352,3,11,1,,2022-03-05 00:00:00,2022-03-05 00:26:00,26,5
1353,3,11,1,,2022-03-18 00:00:00,2022-03-18 00:22:00,22,7
1354,3,11,1,,2022-03-31 00:00:00,2022-03-31 00:21:00,21,9
1355,3,11,1,,2022-04-11 00:00:00,2022-04-11 00:46:00,46,8
1356,3,11,1,,2022-04-21 00:00:00,2022-04-21 00:20:00,20,9
1357,3,11,1,,2022-05-01 00:00:00,2022-05-01 00:37:00,37,2
1358,3,11,1,,2022-05-15 00:00:00,2022-05-15 00:31:00,31,7
1359,3,11,1,,2022-05-26 00:00:00,2022-05-26 00:46:00,46,9
1360,3,11,1,,2022-06-07 00:00:00,2022-06-07 00:20:00,20,10
1361,3,11,1,,2022-06-21 00:00:00,2022-06-21 00:54:00,54,9
1362,3,11,1,,2022-07-03 00:00:00,2022-07-03 00:39:00,39,9
1363,3,11,1,,2022-07-13 00:00:00,2022-07-13 00:32:00,32,7
1364,3,11,1,,2022-07-23 00:00:00,2022-07-23 00:27:00,27,5
1365,3,11,1,,2022-08-05 00:00:00,2022-08-05 00:52:00,52,8
1366,3,11,1,,2022-08-19 00:00:00,2022-08-19 00:28:00,28,9
1367,3,11,1,,2022-09-02 00:00:00,2022-09-02 00:36:00,36,9
1368,3,11,1,,2022-09-16 00:00:00,2022-09-16 00:58:00,58,8
1369,3,11,1,,2022-09-26 00:00:00,2022-09-26 00:58:00,58,4
1370,3,11,1,,2022-10-08 00:00:00,2022-10-08 00:32:00,32,2
1371,3,11,1,,2022-10-21 00:00:00,2022-10-21 00:38:00,38,9
1372,3,11,1,,2022-11-04 00:00:00,2022-11-04 00:31:00,31,2
1373,3,11,1,,2022-11-18 00:00:00,2022-11-18 00:45:00,45,8
1374,3,11,1,,2022-12-01 00:00:00,2022-12-01 00:24:00,24,9
1375,3,11,1,,2022-12-11 00:00:00,2022-12-11 00:46:00,46,8
1376,3,11,1,,2022-12-25 00:00:00,2022-12-25 00:42:00,42,2
1377,3,11,1,,2023-01-07 00:00:00,2023-01-07 00:37:00,37,3
1378,3,11,1,,2023-01-18 00:00:00,2023-01-18 00:23:00,23,2
1379,3,11,1,,2023-01-31 00:00:00,2023-01-31 00:37:00,37,6
1380,3,11,1,,2023-02-12 00:00:00,2023-02-12 00:47:00,47,9
1381,3,11,1,,2023-02-25 00:00:00,2023-02-25 00:52:00,52,4
1382,3,11,1,,2023-03-07 00:00:00,2023-03-07 00:58:00,58,3
1383,3,11,1,,2023-03-21 00:00:00,2023-03-21 00:29:00,29,3
1384,3,11,1,,2023-04-02 00:00:00,2023-04-02 00:30:00,30,3
1385,3,11,1,,2023-04-14 00:00:00,2023-04-14 00:28:00,28,10
1386,3,11,1,,2023-04-27 00:00:00,2023-04-27 00:22:00,22,5
1387,3,11,1,,2023-05-09 00:00:00,2023-05-09 00:21:00,21,7
1388,3,11,1,,2023-05-21 00:00:00,2023-05-21 00:35:00,35,9
1389,3,11,1,,2023-06-01 00:00:00,2023-06-01 00:36:00,36,10
1390,3,11,1,,2023-06-14 00:00:00,2023-06-14 00:54:00,54,2
1391,3,11,1,,2023-06-28 00:00:00,2023-06-28 00:34:00,34,6
1392,3,11,1,,2023-07-12 00:00:00,2023-07-12 00:50:00,50,10
1393,3,11,1,,2023-07-22 00:00:00,2023-07-22 00:57:00,57,6
1394,3,11,1,,2023-08-03 00:00:00,2023-08-03 00:37:00,37,5
1395,3,11,1,,2023-08-15 00:00:00,2023-08-15 00:28:00,28,6
1396,3,11,1,,2023-08-26 00:00:00,2023-08-26 00:49:00,49,3
1397,3,11,1,,2023-09-07 00:00:00,2023-09-07 00:22:00,22,10
1398,3,11,1,,2023-09-19 00:00:00,2023-09-19 00:51:00,51,10
1399,3,11,1,,2023-10-02 00:00:00,2023-10-02 00:52:00,52,9
1400,3,11,1,,2023-10-13 00:00:00,2023-10-13 00:47:00,47,6
1401,3,11,1,,2023-10-26 00:00:00,2023-10-26 00:56:00,56,9
1402,3,11,1,,2023-11-05 00:00:00,2023-11-05 00:20:00,20,5
1403,3,11,1,,2023-11-17 00:00:00,2023-11-17 00:48:00,48,3
1404,3,11,1,,2023-11-30 00:00:00,2023-11-30 00:54:00,54,2
1405,3,11,1,,2023-12-10 00:00:00,2023-12-10 00:57:00,57,6
1406,3,11,1,,2023-12-21 00:00:00,2023-12-21 00:31:00,31,7
1407,3,11,1,,2023-12-31 00:00:00,2023-12-31 00:50:00,50,5
1408,3,11,1,,2024-01-10 00:00:00,2024-01-10 00:24:00,24,9
1409,3,11,1,,2024-01-22 00:00:00,2024-01-22 00:22:00,22,5
1410,3,11,1,,2024-02-02 00:00:00,2024-02-02 00:46:00,46,7
1411,3,11,1,,2024-02-14 00:00:00,2024-02-14 00:46:00,46,4
1412,3,11,1,,2024-02-25 00:00:00,2024-02-25 00:25:00,25,6
1413,3,11,1,,2024-03-07 00:00:00,2024-03-07 00:56:00,56,6
1414,3,11,1,,2024-03-18 00:00:00,2024-03-18 00:56:00,56,4
1415,3,11,1,,2024-03-31 00:00:00,2024-03-31 00:37:00,37,10
1416,3,11,1,,2024-04-10 00:00:00,2024-04-10 00:48:00,48,5
1417,3,11,1,,2024-04-20 00:00:00,2024-04-20 00:51:00,51,7
1418,3,11,1,,2024-05-03 00:00:00,2024-05-03 00:24:00,24,6
1419,3,11,1,,2024-05-13 00:00:00,2024-05-13 00:32:00,32,3
1420,3,11,1,,2024-05-27 00:00:00,2024-05-27 00:41:00,41,6
1421,3,11,1,,2024-06-08 00:00:00,2024-06-08 00:42:00,42,4
1422,3,11,1,,2024-06-20 00:00:00,2024-06-20 00:53:00,53,4
1423,3,11,1,,2024-07-01 00:00:00,2024-07-01 00:40:00,40,6
1424,3,11,1,,2024-07-14 00:00:00,2024-07-14 00:30:00,30,8
1425,3,11,1,,2024-07-27 00:00:00,2024-07-27 00:20:00,20,9
1426,3,11,1,,2024-08-10 00:00:00,2024-08-10 00:54:00,54,3
1427,3,11,1,,2024-08-22 00:00:00,2024-08-22 00:55:00,55,4
1428,3,11,1,,2024-09-05 00:00:00,2024-09-05 00:36:00,36,4
1429,3,11,1,,2024-09-18 00:00:00,2024-09-18 00:37:00,37,9
1430,3,11,1,,2024-09-28 00:00:00,2024-09-28 00:43:00,43,4
1431,3,11,1,,2024-10-12 00:00:00,2024-10-12 00:58:00,58,6
1432,3,11,1,,2024-10-25 00:00:00,2024-10-25 00:24:00,24,2
1433,3,11,1,,2024-11-08 00:00:00,2024-11-08 00:55:00,55,7
1434,3,11,1,,2024-11-20 00:00:00,2024-11-20 00:46:00,46,6
1435,3,11,1,,2024-12-01 00:00:00,2024-12-01 00:30:00,30,7
1436,3,11,1,,2024-12-15 00:00:00,2024-12-15 00:31:00,31,7
1437,3,11,1,,2024-12-29 00:00:00,2024-12-29 00:30:00,30,8
1438,3,11,1,,2025-01-11 00:00:00,2025-01-11 00:24:00,24,2
1439,3,12,1,,2022-01-14 00:00:00,2022-01-14 00:31:00,31,7
1440,3,12,1,,2022-01-24 00:00:00,2022-01-24 00:38:00,38,5
1441,3,12,1,,2022-02-04 00:00:00,2022-02-04 00:55:00,55,7
1442,3,12,1,,2022-02-16 00:00:00,2022-02-16 00:52:00,52,9
1443,3,12,1,,2022-02-28 00:00:00,2022-02-28 00:30:00,30,10
1444,3,12,1,,2022-03-12 00:00:00,2022-03-12 00:36:00,36,4
1445,3,12,1,,2022-03-26 00:00:00,2022-03-26 00:33:00,33,3
1446,3,12,1,,2022-04-08 00:00:00,2022-04-08 00:23:00,23,8
1447,3,12,1,,2022-04-22 00:00:00,2022-04-22 00:54:00,54,10
1448,3,12,1,,2022-05-05 00:00:00,2022-05-05 00:36:00,36,2
1449,3,12,1,,2022-05-15 00:00:00,2022-05-15 00:52:00,52,9
1450,3,12,1,,2022-05-27 00:00:00,2022-05-27 00:57:00,57,4
1451,3,12,1,,2022-06-08 00:00:00,2022-06-08 00:24:00,24,8
1452,3,12,1,,2022-06-19 00:00:00,2022-06-19 00:51:00,51,7
1453,3,12,1,,2022-07-03 00:00:00,2022-07-03 00:41:00,41,4
1454,3,12,1,,2022-07-14 00:00:00,2022-07-14 00:40:00,40,3
1455,3,12,1,,2022-07-24 00:00:00,2022-07-24 00:43:00,43,4
1456,3,12,1,,2022-08-03 00:00:00,2022-08-03 00:49:00,49,4
1457,3,12,1,,2022-08-15 00:00:00,2022-08-15 00:27:00,27,2
1458,3,12,1,,2022-08-27 00:00:00,2022-08-27 00:20:00,20,5
1459,3,12,1,,2022-09-06 00:00:00,2022-09-06 00:56:00,56,2
1460,3,12,1,,2022-09-20 00:00:00,2022-09-20 00:32:00,32,9
1461,3,12,1,,2022-10-04 00:00:00,2022-10-04 00:28:00,28,2
1462,3,12,1,,2022-10-17 00:00:00,2022-10-17 00:54:00,54,3
1463,3,12,1,,2022-10-27 00:00:00,2022-10-27 00:53:00,53,5
1464,3,12,1,,2022-11-08 00:00:00,2022-11-08 00:54:00,54,9
1465,3,12,1,,2022-11-20 00:00:00,2022-11-20 00:33:00,33,3
1466,3,12,1,,2022-12-04 00:00:00,2022-12-04 00:38:00,38,7
1467,3,12,1,,2022-12-15 00:00:00,2022-12-15 00:59:00,59,2
1468,3,12,1,,2022-12-26 00:00:00,2022-12-26 00:35:00,35,7
1469,3,12,1,,2023-01-08 00:00:00,2023-01-08 00:21:00,21,3
1470,3,12,1,,2023-01-19 00:00:00,2023-01-19 00:32:00,32,9
1471,3,12,1,,2023-02-01 00:00:00,2023-02-01 00:53:00,53,8
1472,3,12,1,,2023-02-13 00:00:00,2023-02-13 00:27:00,27,8
1473,3,12,1,,2023-02-25 00:00:00,2023-02-25 00:48:00,48,8
1474,3,12,1,,2023-03-11 00:00:00,2023-03-11 00:58:00,58,2
1475,3,12,1,,2023-03-21 00:00:00,2023-03-21 00:49:00,49,6
1476,3,12,1,,2023-04-04 00:00:00,2023-04-04 00:40:00,40,4
1477,3,12,1,,2023-04-18 00:00:00,2023-04-18 00:38:00,38,10
1478,3,12,1,,2023-04-28 00:00:00,2023-04-28 00:41:00,41,2
1479,3,12,1,,2023-05-09 00:00:00,2023-05-09 00:29:00,29,5
1480,3,12,1,,2023-05-22 00:00:00,2023-05-22 00:39:00,39,3
1481,3,12,1,,2023-06-02 00:00:00,2023-06-02 00:47:00,47,5
1482,3,12,1,,2023-06-16 00:00:00,2023-06-16 00:43:00,43,7
1483,3,12,1,,2023-06-29 00:00:00,2023-06-29 00:32:00,32,8
1484,3,12,1,,2023-07-10 00:00:00,2023-07-10 00:31:00,31,8
1485,3,12,1,,2023-07-21 00:00:00,2023-07-21 00:37:00,37,9
1486,3,12,1,,2023-08-01 00:00:00,2023-08-01 00:30:00,30,10
1487,3,12,1,,2023-08-14 00:00:00,2023-08-14 00:34:00,34,10
1488,3,12,1,,2023-08-24 00:00:00,2023-08-24 00:48:00,48,3
1489,3,12,1,,2023-09-03 00:00:00,2023-09-03 00:42:00,42,9
1490,3,12,1,,2023-09-14 00:00:00,2023-09-14 00:27:00,27,10
1491,3,12,1,,2023-09-28 00:00:00,2023-09-28 00:48:00,48,10
1492,3,12,1,,2023-10-08 00:00:00,2023-10-08 00:38:00,38,10
1493,3,12,1,,2023-10-20 00:00:00,2023-10-20 00:53:00,53,5
1494,3,12,1,,2023-11-02 00:00:00,2023-11-02 00:37:00,37,4
1495,3,12,1,,2023-11-16 00:00:00,2023-11-16 00:38:00,38,2
1496,3,12,1,,2023-11-29 00:00:00,2023-11-29 00:56:00,56,2
1497,3,12,1,,2023-12-10 00:00:00,2023-12-10 00:42:00,42,2
1498,3,12,1,,2023-12-23 00:00:00,2023-12-23 00:46:00,46,10
1499,3,12,1,,2024-01-03 00:00:00,2024-01-03 00:42:00,42,6
1500,3,12,1,,2024-01-17 00:00:00,2024-01-17 00:32:00,32,6
1501,3,12,1,,2024-01-27 00:00:00,2024-01-27 00:43:00,43,2
1502,3,12,1,,2024-02-09 00:00:00,2024-02-09 00:44:00,44,10
1503,3,12,1,,2024-02-23 00:00:00,2024-02-23 00:39:00,39,4
1504,3,12,1,,2024-03-06 00:00:00,2024-03-06 00:31:00,31,6
1505,3,12,1,,2024-03-17 00:00:00,2024-03-17 00:36:00,36,6
1506,3,12,1,,2024-03-30 00:00:00,2024-03-30 00:54:00,54,3
1507,3,12,1,,2024-04-11 00:00:00,2024-04-11 00:26:00,26,10
1508,3,12,1,,2024-04-25 00:00:00,2024-04-25 00:37:00,37,6
1509,3,12,1,,2024-05-09 00:00:00,2024-05-09 00:55:00,55,3
1510,3,12,1,,2024-05-19 00:00:00,2024-05-19 00:28:00,28,7
1511,3,12,1,,2024-05-31 00:00:00,2024-05-31 00:41:00,41,2
1512,3,12,1,,2024-06-13 00:00:00,2024-06-13 00:42:00,42,3
1513,3,12,1,,2024-06-23 00:00:00,2024-06-23 00:43:00,43,9
1514,3,12,1,,2024-07-06 00:00:00,2024-07-06 00:37:00,37,4
1515,3,12,1,,2024-07-19 00:00:00,2024-07-19 00:25:00,25,6
1516,3,12,1,,2024-08-01 00:00:00,2024-08-01 00:59:00,59,7
1517,3,12,1,,2024-08-11 00:00:00,2024-08-11 00:55:00,55,6
1518,3,12,1,,2024-08-24 00:00:00,2024-08-24 00:54:00,54,10
1519,3,12,1,,2024-09-03 00:00:00,2024-09-03 00:29:00,29,6
1520,3,12,1,,2024-09-16 00:00:00,2024-09-16 00:29:00,29,6
1521,3,12,1,,2024-09-27 00:00:00,2024-09-27 00:41:00,41,2
1522,3,12,1,,2024-10-10 00:00:00,2024-10-10 00:33:00,33,4
1523,3,12,1,,2024-10-20 00:00:00,2024-10-20 00:22:00,22,7
1524,3,12,1,,2024-10-30 00:00:00,2024-10-30 00:31:00,31,7
1525,3,12,1,,2024-11-12 00:00:00,2024-11-12 00:43:00,43,10
1526,3,12,1,,2024-11-25 00:00:00,2024-11-25 00:45:00,45,7
1527,3,12,1,,2024-12-05 00:00:00,2024-12-05 00:39:00,39,8
1528,3,12,1,,2024-12-18 00:00:00,2024-12-18 00:35:00,35,2
1529,3,12,1,,2024-12-31 00:00:00,2024-12-31 00:31:00,31,7
1530,1,1,2,,2022-05-23 00:00:00,2022-05-23 04:49:00,289,10
1531,1,1,2,,2022-09-23 00:00:00,2022-09-23 04:13:00,253,8
1532,1,1,2,,2023-01-15 00:00:00,2023-01-15 02:32:00,152,8
1533,1,1,2,,2023-06-11 00:00:00,2023-06-11 02:06:00,126,5
1534,1,1,2,,2023-11-04 00:00:00,2023-11-04 04:05:00,245,6
1535,1,1,2,,2024-04-18 00:00:00,2024-04-18 04:14:00,254,5
1536,1,1,2,,2024-09-05 00:00:00,2024-09-05 04:39:00,279,9
1537,1,1,2,,2025-02-28 00:00:00,2025-02-28 05:36:00,336,9
1538,1,2,2,,2022-06-11 00:00:00,2022-06-11 02:44:00,164,7
1539,1,2,2,,2022-11-06 00:00:00,2022-11-06 04:11:00,251,9
1540,1,2,2,,2023-04-11 00:00:00,2023-04-11 04:36:00,276,3
1541,1,2,2,,2023-08-06 00:00:00,2023-08-06 05:24:00,324,8
1542,1,2,2,,2023-12-17 00:00:00,2023-12-17 05:37:00,337,5
1543,1,2,2,,2024-06-13 00:00:00,2024-06-13 03:43:00,223,10
1544,1,2,2,,2024-09-15 00:00:00,2024-09-15 07:11:00,431,5
1545,1,2,2,,2025-02-01 00:00:00,2025-02-01 07:30:00,450,7
1546,1,3,2,,2022-04-17 00:00:00,2022-04-17 02:58:00,178,8
1547,1,3,2,,2022-09-10 00:00:00,2022-09-10 02:25:00,145,10
1548,1,3,2,,2022-12-18 00:00:00,2022-12-18 07:00:00,420,4
1549,1,3,2,,2023-03-28 00:00:00,2023-03-28 05:00:00,300,9
1550,1,3,2,,2023-09-01 00:00:00,2023-09-01 07:50:00,470,2
1551,1,3,2,,2024-01-17 00:00:00,2024-01-17 04:54:00,294,5
1552,1,3,2,,2024-07-12 00:00:00,2024-07-12 05:07:00,307,10
1553,1,3,2,,2024-11-25 00:00:00,2024-11-25 04:38:00,278,10
1554,1,3,2,,2025-04-09 00:00:00,2025-04-09 06:01:00,361,2
1555,1,4,2,,2022-04-05 00:00:00,2022-04-05 03:23:00,203,5
1556,1,4,2,,2022-09-16 00:00:00,2022-09-16 06:07:00,367,7
1557,1,4,2,,2023-01-16 00:00:00,2023-01-16 05:45:00,345,6
1558,1,4,2,,2023-05-31 00:00:00,2023-05-31 06:53:00,413,7
1559,1,4,2,,2023-10-29 00:00:00,2023-10-29 05:29:00,329,4
1560,1,4,2,,2024-02-01 00:00:00,2024-02-01 03:32:00,212,9
1561,1,4,2,,2024-06-13 00:00:00,2024-06-13 05:54:00,354,2
1562,1,4,2,,2024-11-30 00:00:00,2024-11-30 05:59:00,359,3
1563,1,4,2,,2025-03-10 00:00:00,2025-03-10 07:50:00,470,7
1564,2,5,2,,2022-05-11 00:00:00,2022-05-11 06:31:00,391,5
1565,2,5,2,,2022-09-25 00:00:00,2022-09-25 05:03:00,303,10
1566,2,5,2,,2023-03-09 00:00:00,2023-03-09 04:18:00,258,6
1567,2,5,2,,2023-09-03 00:00:00,2023-09-03 06:33:00,393,4
1568,2,5,2,,2024-02-26 00:00:00,2024-02-26 07:10:00,430,7
1569,2,5,2,,2024-08-15 00:00:00,2024-08-15 04:33:00,273,7
1570,2,5,2,,2024-11-16 00:00:00,2024-11-16 03:47:00,227,4
1571,2,5,2,,2025-03-14 00:00:00,2025-03-14 02:58:00,178,3
1572,2,6,2,,2022-04-17 00:00:00,2022-04-17 03:46:00,226,6
1573,2,6,2,,2022-10-03 00:00:00,2022-10-03 06:06:00,366,9
1574,2,6,2,,2023-01-13 00:00:00,2023-01-13 02:07:00,127,5
1575,2,6,2,,2023-06-16 00:00:00,2023-06-16 02:38:00,158,2
1576,2,6,2,,2023-11-11 00:00:00,2023-11-11 03:23:00,203,9
1577,2,6,2,,2024-05-04 00:00:00,2024-05-04 03:32:00,212,7
1578,2,6,2,,2024-09-14 00:00:00,2024-09-14 04:16:00,256,6
1579,2,6,2,,2025-02-24 00:00:00,2025-02-24 02:35:00,155,6
1580,2,7,2,,2022-04-28 00:00:00,2022-04-28 06:14:00,374,6
1581,2,7,2,,2022-10-22 00:00:00,2022-10-22 04:49:00,289,9
1582,2,7,2,,2023-03-26 00:00:00,2023-03-26 02:54:00,174,9
1583,2,7,2,,2023-08-10 00:00:00,2023-08-10 03:30:00,210,7
1584,2,7,2,,2023-12-04 00:00:00,2023-12-04 07:48:00,468,4
1585,2,7,2,,2024-03-15 00:00:00,2024-03-15 04:52:00,292,5
1586,2,7,2,,2024-06-21 00:00:00,2024-06-21 06:07:00,367,8
1587,2,7,2,,2024-10-15 00:00:00,2024-10-15 02:33:00,153,4
1588,2,7,2,,2025-01-13 00:00:00,2025-01-13 04:39:00,279,10
1589,2,8,2,,2022-06-10 00:00:00,2022-06-10 06:00:00,360,4
1590,2,8,2,,2022-11-30 00:00:00,2022-11-30 03:56:00,236,4
1591,2,8,2,,2023-05-28 00:00:00,2023-05-28 05:25:00,325,2
1592,2,8,2,,2023-09-12 00:00:00,2023-09-12 04:52:00,292,5
1593,2,8,2,,2024-03-03 00:00:00,2024-03-03 05:00:00,300,3
1594,2,8,2,,2024-08-07 00:00:00,2024-08-07 03:53:00,233,2
1595,2,8,2,,2025-01-01 00:00:00,2025-01-01 04:33:00,273,5
1596,3,9,2,,2022-06-26 00:00:00,2022-06-26 06:25:00,385,10
1597,3,9,2,,2022-09-28 00:00:00,2022-09-28 05:12:00,312,2
1598,3,9,2,,2023-01-17 00:00:00,2023-01-17 07:53:00,473,9
1599,3,9,2,,2023-05-27 00:00:00,2023-05-27 05:40:00,340,5
1600,3,9,2,,2023-11-01 00:00:00,2023-11-01 06:15:00,375,9
1601,3,9,2,,2024-03-20 00:00:00,2024-03-20 04:28:00,268,4
1602,3,9,2,,2024-09-01 00:00:00,2024-09-01 06:41:00,401,4
1603,3,9,2,,2024-12-18 00:00:00,2024-12-18 03:48:00,228,8
1604,3,9,2,,2025-05-03 00:00:00,2025-05-03 07:26:00,446,9
1605,3,10,2,,2022-04-05 00:00:00,2022-04-05 04:11:00,251,8
1606,3,10,2,,2022-09-25 00:00:00,2022-09-25 06:01:00,361,5
1607,3,10,2,,2022-12-31 00:00:00,2022-12-31 02:40:00,160,4
1608,3,10,2,,2023-05-15 00:00:00,2023-05-15 07:23:00,443,4
1609,3,10,2,,2023-09-18 00:00:00,2023-09-18 05:14:00,314,9
1610,3,10,2,,2024-01-12 00:00:00,2024-01-12 02:39:00,159,5
1611,3,10,2,,2024-05-04 00:00:00,2024-05-04 02:23:00,143,5
1612,3,10,2,,2024-10-07 00:00:00,2024-10-07 06:49:00,409,10
1613,3,10,2,,2025-02-22 00:00:00,2025-02-22 05:00:00,300,9
1614,3,11,2,,2022-04-23 00:00:00,2022-04-23 03:08:00,188,6
1615,3,11,2,,2022-09-21 00:00:00,2022-09-21 04:48:00,288,10
1616,3,11,2,,2023-02-17 00:00:00,2023-02-17 02:53:00,173,7
1617,3,11,2,,2023-07-13 00:00:00,2023-07-13 04:17:00,257,9
1618,3,11,2,,2023-10-17 00:00:00,2023-10-17 03:42:00,222,7
1619,3,11,2,,2024-04-08 00:00:00,2024-04-08 07:16:00,436,5
1620,3,11,2,,2024-07-09 00:00:00,2024-07-09 04:58:00,298,7
1621,3,11,2,,2024-11-22 00:00:00,2024-11-22 07:31:00,451,7
1622,3,11,2,,2025-03-27 00:00:00,2025-03-27 05:58:00,358,10
1623,3,12,2,,2022-06-08 00:00:00,2022-06-08 07:42:00,462,3
1624,3,12,2,,2022-10-05 00:00:00,2022-10-05 05:09:00,309,6
1625,3,12,2,,2023-01-27 00:00:00,2023-01-27 03:51:00,231,4
1626,3,12,2,,2023-07-13 00:00:00,2023-07-13 05:04:00,304,7
1627,3,12,2,,2023-11-18 00:00:00,2023-11-18 02:15:00,135,9
1628,3,12,2,,2024-03-08 00:00:00,2024-03-08 05:32:00,332,7
1629,3,12,2,,2024-06-26 00:00:00,2024-06-26 06:00:00,360,8
1630,3,12,2,,2024-10-24 00:00:00,2024-10-24 05:21:00,321,3
1631,3,12,2,,2025-01-30 00:00:00,2025-01-30 04:18:00,258,7
